[
  {
    "model": "admin.logentry",
    "pk": 4,
    "fields": {
      "action_time": "2023-09-18T16:38:30.502Z",
      "user": 1,
      "content_type": 4,
      "object_id": "1",
      "object_repr": "ismaelgrebo@gmail.com",
      "action_flag": 2,
      "change_message": "[{\"changed\": {\"fields\": [\"First name\", \"Last name\"]}}]"
    }
  },
  {
    "model": "admin.logentry",
    "pk": 5,
    "fields": {
      "action_time": "2023-12-26T17:12:36.745Z",
      "user": 1,
      "content_type": 4,
      "object_id": "1",
      "object_repr": "ismaelgrebo@gmail.com",
      "action_flag": 2,
      "change_message": "[{\"changed\": {\"fields\": [\"First name\", \"Last name\", \"Email address\"]}}]"
    }
  },
  {
    "model": "admin.logentry",
    "pk": 6,
    "fields": {
      "action_time": "2023-12-26T17:12:52.815Z",
      "user": 1,
      "content_type": 4,
      "object_id": "1",
      "object_repr": "arnaud.boti@gmail.com",
      "action_flag": 2,
      "change_message": "[{\"changed\": {\"fields\": [\"Username\"]}}]"
    }
  },
  {
    "model": "admin.logentry",
    "pk": 7,
    "fields": {
      "action_time": "2023-12-26T17:13:07.269Z",
      "user": 1,
      "content_type": 4,
      "object_id": "1",
      "object_repr": "arnaud.boti@gmail.com",
      "action_flag": 2,
      "change_message": "[{\"changed\": {\"fields\": [\"password\"]}}]"
    }
  },
  {
    "model": "auth.permission",
    "pk": 1,
    "fields": {
      "name": "Can add log entry",
      "content_type": 1,
      "codename": "add_logentry"
    }
  },
  {
    "model": "auth.permission",
    "pk": 2,
    "fields": {
      "name": "Can change log entry",
      "content_type": 1,
      "codename": "change_logentry"
    }
  },
  {
    "model": "auth.permission",
    "pk": 3,
    "fields": {
      "name": "Can delete log entry",
      "content_type": 1,
      "codename": "delete_logentry"
    }
  },
  {
    "model": "auth.permission",
    "pk": 4,
    "fields": {
      "name": "Can view log entry",
      "content_type": 1,
      "codename": "view_logentry"
    }
  },
  {
    "model": "auth.permission",
    "pk": 5,
    "fields": {
      "name": "Can add permission",
      "content_type": 2,
      "codename": "add_permission"
    }
  },
  {
    "model": "auth.permission",
    "pk": 6,
    "fields": {
      "name": "Can change permission",
      "content_type": 2,
      "codename": "change_permission"
    }
  },
  {
    "model": "auth.permission",
    "pk": 7,
    "fields": {
      "name": "Can delete permission",
      "content_type": 2,
      "codename": "delete_permission"
    }
  },
  {
    "model": "auth.permission",
    "pk": 8,
    "fields": {
      "name": "Can view permission",
      "content_type": 2,
      "codename": "view_permission"
    }
  },
  {
    "model": "auth.permission",
    "pk": 9,
    "fields": {
      "name": "Can add group",
      "content_type": 3,
      "codename": "add_group"
    }
  },
  {
    "model": "auth.permission",
    "pk": 10,
    "fields": {
      "name": "Can change group",
      "content_type": 3,
      "codename": "change_group"
    }
  },
  {
    "model": "auth.permission",
    "pk": 11,
    "fields": {
      "name": "Can delete group",
      "content_type": 3,
      "codename": "delete_group"
    }
  },
  {
    "model": "auth.permission",
    "pk": 12,
    "fields": {
      "name": "Can view group",
      "content_type": 3,
      "codename": "view_group"
    }
  },
  {
    "model": "auth.permission",
    "pk": 13,
    "fields": {
      "name": "Can add user",
      "content_type": 4,
      "codename": "add_user"
    }
  },
  {
    "model": "auth.permission",
    "pk": 14,
    "fields": {
      "name": "Can change user",
      "content_type": 4,
      "codename": "change_user"
    }
  },
  {
    "model": "auth.permission",
    "pk": 15,
    "fields": {
      "name": "Can delete user",
      "content_type": 4,
      "codename": "delete_user"
    }
  },
  {
    "model": "auth.permission",
    "pk": 16,
    "fields": {
      "name": "Can view user",
      "content_type": 4,
      "codename": "view_user"
    }
  },
  {
    "model": "auth.permission",
    "pk": 17,
    "fields": {
      "name": "Can add content type",
      "content_type": 5,
      "codename": "add_contenttype"
    }
  },
  {
    "model": "auth.permission",
    "pk": 18,
    "fields": {
      "name": "Can change content type",
      "content_type": 5,
      "codename": "change_contenttype"
    }
  },
  {
    "model": "auth.permission",
    "pk": 19,
    "fields": {
      "name": "Can delete content type",
      "content_type": 5,
      "codename": "delete_contenttype"
    }
  },
  {
    "model": "auth.permission",
    "pk": 20,
    "fields": {
      "name": "Can view content type",
      "content_type": 5,
      "codename": "view_contenttype"
    }
  },
  {
    "model": "auth.permission",
    "pk": 21,
    "fields": {
      "name": "Can add session",
      "content_type": 6,
      "codename": "add_session"
    }
  },
  {
    "model": "auth.permission",
    "pk": 22,
    "fields": {
      "name": "Can change session",
      "content_type": 6,
      "codename": "change_session"
    }
  },
  {
    "model": "auth.permission",
    "pk": 23,
    "fields": {
      "name": "Can delete session",
      "content_type": 6,
      "codename": "delete_session"
    }
  },
  {
    "model": "auth.permission",
    "pk": 24,
    "fields": {
      "name": "Can view session",
      "content_type": 6,
      "codename": "view_session"
    }
  },
  {
    "model": "auth.permission",
    "pk": 25,
    "fields": {
      "name": "Can add auth token",
      "content_type": 7,
      "codename": "add_authtoken"
    }
  },
  {
    "model": "auth.permission",
    "pk": 26,
    "fields": {
      "name": "Can change auth token",
      "content_type": 7,
      "codename": "change_authtoken"
    }
  },
  {
    "model": "auth.permission",
    "pk": 27,
    "fields": {
      "name": "Can delete auth token",
      "content_type": 7,
      "codename": "delete_authtoken"
    }
  },
  {
    "model": "auth.permission",
    "pk": 28,
    "fields": {
      "name": "Can view auth token",
      "content_type": 7,
      "codename": "view_authtoken"
    }
  },
  {
    "model": "auth.permission",
    "pk": 29,
    "fields": {
      "name": "Can add mission",
      "content_type": 8,
      "codename": "add_mission"
    }
  },
  {
    "model": "auth.permission",
    "pk": 30,
    "fields": {
      "name": "Can change mission",
      "content_type": 8,
      "codename": "change_mission"
    }
  },
  {
    "model": "auth.permission",
    "pk": 31,
    "fields": {
      "name": "Can delete mission",
      "content_type": 8,
      "codename": "delete_mission"
    }
  },
  {
    "model": "auth.permission",
    "pk": 32,
    "fields": {
      "name": "Can view mission",
      "content_type": 8,
      "codename": "view_mission"
    }
  },
  {
    "model": "auth.permission",
    "pk": 33,
    "fields": {
      "name": "Can add palier",
      "content_type": 9,
      "codename": "add_palier"
    }
  },
  {
    "model": "auth.permission",
    "pk": 34,
    "fields": {
      "name": "Can change palier",
      "content_type": 9,
      "codename": "change_palier"
    }
  },
  {
    "model": "auth.permission",
    "pk": 35,
    "fields": {
      "name": "Can delete palier",
      "content_type": 9,
      "codename": "delete_palier"
    }
  },
  {
    "model": "auth.permission",
    "pk": 36,
    "fields": {
      "name": "Can view palier",
      "content_type": 9,
      "codename": "view_palier"
    }
  },
  {
    "model": "auth.permission",
    "pk": 37,
    "fields": {
      "name": "Can add type entree",
      "content_type": 10,
      "codename": "add_typeentree"
    }
  },
  {
    "model": "auth.permission",
    "pk": 38,
    "fields": {
      "name": "Can change type entree",
      "content_type": 10,
      "codename": "change_typeentree"
    }
  },
  {
    "model": "auth.permission",
    "pk": 39,
    "fields": {
      "name": "Can delete type entree",
      "content_type": 10,
      "codename": "delete_typeentree"
    }
  },
  {
    "model": "auth.permission",
    "pk": 40,
    "fields": {
      "name": "Can view type entree",
      "content_type": 10,
      "codename": "view_typeentree"
    }
  },
  {
    "model": "auth.permission",
    "pk": 41,
    "fields": {
      "name": "Can add type sortie",
      "content_type": 11,
      "codename": "add_typesortie"
    }
  },
  {
    "model": "auth.permission",
    "pk": 42,
    "fields": {
      "name": "Can change type sortie",
      "content_type": 11,
      "codename": "change_typesortie"
    }
  },
  {
    "model": "auth.permission",
    "pk": 43,
    "fields": {
      "name": "Can delete type sortie",
      "content_type": 11,
      "codename": "delete_typesortie"
    }
  },
  {
    "model": "auth.permission",
    "pk": 44,
    "fields": {
      "name": "Can view type sortie",
      "content_type": 11,
      "codename": "view_typesortie"
    }
  },
  {
    "model": "auth.permission",
    "pk": 45,
    "fields": {
      "name": "Can add evenement",
      "content_type": 12,
      "codename": "add_evenement"
    }
  },
  {
    "model": "auth.permission",
    "pk": 46,
    "fields": {
      "name": "Can change evenement",
      "content_type": 12,
      "codename": "change_evenement"
    }
  },
  {
    "model": "auth.permission",
    "pk": 47,
    "fields": {
      "name": "Can delete evenement",
      "content_type": 12,
      "codename": "delete_evenement"
    }
  },
  {
    "model": "auth.permission",
    "pk": 48,
    "fields": {
      "name": "Can view evenement",
      "content_type": 12,
      "codename": "view_evenement"
    }
  },
  {
    "model": "auth.permission",
    "pk": 49,
    "fields": {
      "name": "Can add nouveau",
      "content_type": 13,
      "codename": "add_nouveau"
    }
  },
  {
    "model": "auth.permission",
    "pk": 50,
    "fields": {
      "name": "Can change nouveau",
      "content_type": 13,
      "codename": "change_nouveau"
    }
  },
  {
    "model": "auth.permission",
    "pk": 51,
    "fields": {
      "name": "Can delete nouveau",
      "content_type": 13,
      "codename": "delete_nouveau"
    }
  },
  {
    "model": "auth.permission",
    "pk": 52,
    "fields": {
      "name": "Can view nouveau",
      "content_type": 13,
      "codename": "view_nouveau"
    }
  },
  {
    "model": "auth.permission",
    "pk": 53,
    "fields": {
      "name": "Can add membre",
      "content_type": 14,
      "codename": "add_membre"
    }
  },
  {
    "model": "auth.permission",
    "pk": 54,
    "fields": {
      "name": "Can change membre",
      "content_type": 14,
      "codename": "change_membre"
    }
  },
  {
    "model": "auth.permission",
    "pk": 55,
    "fields": {
      "name": "Can delete membre",
      "content_type": 14,
      "codename": "delete_membre"
    }
  },
  {
    "model": "auth.permission",
    "pk": 56,
    "fields": {
      "name": "Can view membre",
      "content_type": 14,
      "codename": "view_membre"
    }
  },
  {
    "model": "auth.permission",
    "pk": 57,
    "fields": {
      "name": "Can add engagement",
      "content_type": 15,
      "codename": "add_engagement"
    }
  },
  {
    "model": "auth.permission",
    "pk": 58,
    "fields": {
      "name": "Can change engagement",
      "content_type": 15,
      "codename": "change_engagement"
    }
  },
  {
    "model": "auth.permission",
    "pk": 59,
    "fields": {
      "name": "Can delete engagement",
      "content_type": 15,
      "codename": "delete_engagement"
    }
  },
  {
    "model": "auth.permission",
    "pk": 60,
    "fields": {
      "name": "Can view engagement",
      "content_type": 15,
      "codename": "view_engagement"
    }
  },
  {
    "model": "auth.permission",
    "pk": 61,
    "fields": {
      "name": "Can add mouvement",
      "content_type": 16,
      "codename": "add_mouvement"
    }
  },
  {
    "model": "auth.permission",
    "pk": 62,
    "fields": {
      "name": "Can change mouvement",
      "content_type": 16,
      "codename": "change_mouvement"
    }
  },
  {
    "model": "auth.permission",
    "pk": 63,
    "fields": {
      "name": "Can delete mouvement",
      "content_type": 16,
      "codename": "delete_mouvement"
    }
  },
  {
    "model": "auth.permission",
    "pk": 64,
    "fields": {
      "name": "Can view mouvement",
      "content_type": 16,
      "codename": "view_mouvement"
    }
  },
  {
    "model": "auth.permission",
    "pk": 65,
    "fields": {
      "name": "Can add depenses",
      "content_type": 17,
      "codename": "add_depenses"
    }
  },
  {
    "model": "auth.permission",
    "pk": 66,
    "fields": {
      "name": "Can change depenses",
      "content_type": 17,
      "codename": "change_depenses"
    }
  },
  {
    "model": "auth.permission",
    "pk": 67,
    "fields": {
      "name": "Can delete depenses",
      "content_type": 17,
      "codename": "delete_depenses"
    }
  },
  {
    "model": "auth.permission",
    "pk": 68,
    "fields": {
      "name": "Can view depenses",
      "content_type": 17,
      "codename": "view_depenses"
    }
  },
  {
    "model": "auth.permission",
    "pk": 69,
    "fields": {
      "name": "Can add depense",
      "content_type": 17,
      "codename": "add_depense"
    }
  },
  {
    "model": "auth.permission",
    "pk": 70,
    "fields": {
      "name": "Can change depense",
      "content_type": 17,
      "codename": "change_depense"
    }
  },
  {
    "model": "auth.permission",
    "pk": 71,
    "fields": {
      "name": "Can delete depense",
      "content_type": 17,
      "codename": "delete_depense"
    }
  },
  {
    "model": "auth.permission",
    "pk": 72,
    "fields": {
      "name": "Can view depense",
      "content_type": 17,
      "codename": "view_depense"
    }
  },
  {
    "model": "auth.permission",
    "pk": 73,
    "fields": {
      "name": "Can add suivi banque",
      "content_type": 18,
      "codename": "add_suivibanque"
    }
  },
  {
    "model": "auth.permission",
    "pk": 74,
    "fields": {
      "name": "Can change suivi banque",
      "content_type": 18,
      "codename": "change_suivibanque"
    }
  },
  {
    "model": "auth.permission",
    "pk": 75,
    "fields": {
      "name": "Can delete suivi banque",
      "content_type": 18,
      "codename": "delete_suivibanque"
    }
  },
  {
    "model": "auth.permission",
    "pk": 76,
    "fields": {
      "name": "Can view suivi banque",
      "content_type": 18,
      "codename": "view_suivibanque"
    }
  },
  {
    "model": "auth.permission",
    "pk": 77,
    "fields": {
      "name": "Can add entree caisse",
      "content_type": 19,
      "codename": "add_entreecaisse"
    }
  },
  {
    "model": "auth.permission",
    "pk": 78,
    "fields": {
      "name": "Can change entree caisse",
      "content_type": 19,
      "codename": "change_entreecaisse"
    }
  },
  {
    "model": "auth.permission",
    "pk": 79,
    "fields": {
      "name": "Can delete entree caisse",
      "content_type": 19,
      "codename": "delete_entreecaisse"
    }
  },
  {
    "model": "auth.permission",
    "pk": 80,
    "fields": {
      "name": "Can view entree caisse",
      "content_type": 19,
      "codename": "view_entreecaisse"
    }
  },
  {
    "model": "auth.permission",
    "pk": 81,
    "fields": {
      "name": "Can add sortie caisse",
      "content_type": 20,
      "codename": "add_sortiecaisse"
    }
  },
  {
    "model": "auth.permission",
    "pk": 82,
    "fields": {
      "name": "Can change sortie caisse",
      "content_type": 20,
      "codename": "change_sortiecaisse"
    }
  },
  {
    "model": "auth.permission",
    "pk": 83,
    "fields": {
      "name": "Can delete sortie caisse",
      "content_type": 20,
      "codename": "delete_sortiecaisse"
    }
  },
  {
    "model": "auth.permission",
    "pk": 84,
    "fields": {
      "name": "Can view sortie caisse",
      "content_type": 20,
      "codename": "view_sortiecaisse"
    }
  },
  {
    "model": "auth.permission",
    "pk": 85,
    "fields": {
      "name": "Can add fiche dimanche",
      "content_type": 21,
      "codename": "add_fichedimanche"
    }
  },
  {
    "model": "auth.permission",
    "pk": 86,
    "fields": {
      "name": "Can change fiche dimanche",
      "content_type": 21,
      "codename": "change_fichedimanche"
    }
  },
  {
    "model": "auth.permission",
    "pk": 87,
    "fields": {
      "name": "Can delete fiche dimanche",
      "content_type": 21,
      "codename": "delete_fichedimanche"
    }
  },
  {
    "model": "auth.permission",
    "pk": 88,
    "fields": {
      "name": "Can view fiche dimanche",
      "content_type": 21,
      "codename": "view_fichedimanche"
    }
  },
  {
    "model": "auth.permission",
    "pk": 89,
    "fields": {
      "name": "Can add evenements",
      "content_type": 22,
      "codename": "add_evenements"
    }
  },
  {
    "model": "auth.permission",
    "pk": 90,
    "fields": {
      "name": "Can change evenements",
      "content_type": 22,
      "codename": "change_evenements"
    }
  },
  {
    "model": "auth.permission",
    "pk": 91,
    "fields": {
      "name": "Can delete evenements",
      "content_type": 22,
      "codename": "delete_evenements"
    }
  },
  {
    "model": "auth.permission",
    "pk": 92,
    "fields": {
      "name": "Can view evenements",
      "content_type": 22,
      "codename": "view_evenements"
    }
  },
  {
    "model": "auth.permission",
    "pk": 93,
    "fields": {
      "name": "Can add communication liste",
      "content_type": 23,
      "codename": "add_communicationliste"
    }
  },
  {
    "model": "auth.permission",
    "pk": 94,
    "fields": {
      "name": "Can change communication liste",
      "content_type": 23,
      "codename": "change_communicationliste"
    }
  },
  {
    "model": "auth.permission",
    "pk": 95,
    "fields": {
      "name": "Can delete communication liste",
      "content_type": 23,
      "codename": "delete_communicationliste"
    }
  },
  {
    "model": "auth.permission",
    "pk": 96,
    "fields": {
      "name": "Can view communication liste",
      "content_type": 23,
      "codename": "view_communicationliste"
    }
  },
  {
    "model": "auth.permission",
    "pk": 97,
    "fields": {
      "name": "Can add communication",
      "content_type": 23,
      "codename": "add_communication"
    }
  },
  {
    "model": "auth.permission",
    "pk": 98,
    "fields": {
      "name": "Can change communication",
      "content_type": 23,
      "codename": "change_communication"
    }
  },
  {
    "model": "auth.permission",
    "pk": 99,
    "fields": {
      "name": "Can delete communication",
      "content_type": 23,
      "codename": "delete_communication"
    }
  },
  {
    "model": "auth.permission",
    "pk": 100,
    "fields": {
      "name": "Can view communication",
      "content_type": 23,
      "codename": "view_communication"
    }
  },
  {
    "model": "auth.permission",
    "pk": 101,
    "fields": {
      "name": "Can add evenement",
      "content_type": 22,
      "codename": "add_evenement"
    }
  },
  {
    "model": "auth.permission",
    "pk": 102,
    "fields": {
      "name": "Can change evenement",
      "content_type": 22,
      "codename": "change_evenement"
    }
  },
  {
    "model": "auth.permission",
    "pk": 103,
    "fields": {
      "name": "Can delete evenement",
      "content_type": 22,
      "codename": "delete_evenement"
    }
  },
  {
    "model": "auth.permission",
    "pk": 104,
    "fields": {
      "name": "Can view evenement",
      "content_type": 22,
      "codename": "view_evenement"
    }
  },
  {
    "model": "auth.permission",
    "pk": 105,
    "fields": {
      "name": "Can add time line",
      "content_type": 24,
      "codename": "add_timeline"
    }
  },
  {
    "model": "auth.permission",
    "pk": 106,
    "fields": {
      "name": "Can change time line",
      "content_type": 24,
      "codename": "change_timeline"
    }
  },
  {
    "model": "auth.permission",
    "pk": 107,
    "fields": {
      "name": "Can delete time line",
      "content_type": 24,
      "codename": "delete_timeline"
    }
  },
  {
    "model": "auth.permission",
    "pk": 108,
    "fields": {
      "name": "Can view time line",
      "content_type": 24,
      "codename": "view_timeline"
    }
  },
  {
    "model": "auth.permission",
    "pk": 109,
    "fields": {
      "name": "Can add user mission",
      "content_type": 25,
      "codename": "add_usermission"
    }
  },
  {
    "model": "auth.permission",
    "pk": 110,
    "fields": {
      "name": "Can change user mission",
      "content_type": 25,
      "codename": "change_usermission"
    }
  },
  {
    "model": "auth.permission",
    "pk": 111,
    "fields": {
      "name": "Can delete user mission",
      "content_type": 25,
      "codename": "delete_usermission"
    }
  },
  {
    "model": "auth.permission",
    "pk": 112,
    "fields": {
      "name": "Can view user mission",
      "content_type": 25,
      "codename": "view_usermission"
    }
  },
  {
    "model": "auth.user",
    "pk": 1,
    "fields": {
      "password": "pbkdf2_sha256$390000$1W5kYlm68InjVBnOxuBrPR$TR317DFNjd5Zg77EgJZYlk/heBMPe5fMRDlJvWigFkY=",
      "last_login": "2023-12-26T17:12:00Z",
      "is_superuser": true,
      "username": "arnaud.boti@gmail.com",
      "first_name": "Arnaud",
      "last_name": "Boti",
      "email": "arnaud.boti@gmail.com",
      "is_staff": true,
      "is_active": true,
      "date_joined": "2023-07-27T09:49:33Z",
      "groups": [],
      "user_permissions": []
    }
  },
  {
    "model": "contenttypes.contenttype",
    "pk": 1,
    "fields": { "app_label": "admin", "model": "logentry" }
  },
  {
    "model": "contenttypes.contenttype",
    "pk": 2,
    "fields": { "app_label": "auth", "model": "permission" }
  },
  {
    "model": "contenttypes.contenttype",
    "pk": 3,
    "fields": { "app_label": "auth", "model": "group" }
  },
  {
    "model": "contenttypes.contenttype",
    "pk": 4,
    "fields": { "app_label": "auth", "model": "user" }
  },
  {
    "model": "contenttypes.contenttype",
    "pk": 5,
    "fields": { "app_label": "contenttypes", "model": "contenttype" }
  },
  {
    "model": "contenttypes.contenttype",
    "pk": 6,
    "fields": { "app_label": "sessions", "model": "session" }
  },
  {
    "model": "contenttypes.contenttype",
    "pk": 7,
    "fields": { "app_label": "knox", "model": "authtoken" }
  },
  {
    "model": "contenttypes.contenttype",
    "pk": 8,
    "fields": { "app_label": "common", "model": "mission" }
  },
  {
    "model": "contenttypes.contenttype",
    "pk": 9,
    "fields": { "app_label": "common", "model": "palier" }
  },
  {
    "model": "contenttypes.contenttype",
    "pk": 10,
    "fields": { "app_label": "common", "model": "typeentree" }
  },
  {
    "model": "contenttypes.contenttype",
    "pk": 11,
    "fields": { "app_label": "common", "model": "typesortie" }
  },
  {
    "model": "contenttypes.contenttype",
    "pk": 12,
    "fields": { "app_label": "membres", "model": "evenement" }
  },
  {
    "model": "contenttypes.contenttype",
    "pk": 13,
    "fields": { "app_label": "membres", "model": "nouveau" }
  },
  {
    "model": "contenttypes.contenttype",
    "pk": 14,
    "fields": { "app_label": "membres", "model": "membre" }
  },
  {
    "model": "contenttypes.contenttype",
    "pk": 15,
    "fields": { "app_label": "engagements", "model": "engagement" }
  },
  {
    "model": "contenttypes.contenttype",
    "pk": 16,
    "fields": { "app_label": "engagements", "model": "mouvement" }
  },
  {
    "model": "contenttypes.contenttype",
    "pk": 17,
    "fields": { "app_label": "engagements", "model": "depense" }
  },
  {
    "model": "contenttypes.contenttype",
    "pk": 18,
    "fields": { "app_label": "finances", "model": "suivibanque" }
  },
  {
    "model": "contenttypes.contenttype",
    "pk": 19,
    "fields": { "app_label": "finances", "model": "entreecaisse" }
  },
  {
    "model": "contenttypes.contenttype",
    "pk": 20,
    "fields": { "app_label": "finances", "model": "sortiecaisse" }
  },
  {
    "model": "contenttypes.contenttype",
    "pk": 21,
    "fields": { "app_label": "finances", "model": "fichedimanche" }
  },
  {
    "model": "contenttypes.contenttype",
    "pk": 22,
    "fields": { "app_label": "common", "model": "evenement" }
  },
  {
    "model": "contenttypes.contenttype",
    "pk": 23,
    "fields": { "app_label": "common", "model": "communication" }
  },
  {
    "model": "contenttypes.contenttype",
    "pk": 24,
    "fields": { "app_label": "common", "model": "timeline" }
  },
  {
    "model": "contenttypes.contenttype",
    "pk": 25,
    "fields": { "app_label": "accounts", "model": "usermission" }
  },
  {
    "model": "sessions.session",
    "pk": "bobj7ay5yokouo4fj6cwwiiyftyt0507",
    "fields": {
      "session_data": ".eJxVjEsOAiEQBe_C2hC6M9CMS_eegTQ0yKiBZD4r4911klno9lXVe6nA21rDtuQ5TKLOCtTpd4ucHrntQO7cbl2n3tZ5inpX9EEXfe2Sn5fD_TuovNRvXQoIuSwW3OjJMIySEo4RC1pKjovx0UQjAyEBIeIAxXKhiA7RD6DeH-MvNzs:1qOxd7:uqEOEUqJFRTjf-S0AGxRUNtR5ndK1cFQ3Oj1_huHdO4",
      "expire_date": "2023-08-10T09:49:57.146Z"
    }
  },
  {
    "model": "sessions.session",
    "pk": "j8h410fcguhlqo1n0jyaz7bf9x74prnj",
    "fields": {
      "session_data": ".eJxVjMsOwiAQRf-FtSG8BhiX7v0GAgNI1dCktCvjv2uTLnR7zzn3xULc1ha2UZYwZXZmkp1-txTpUfoO8j3228xp7usyJb4r_KCDX-dcnpfD_TtocbRvbQCVIFGdrAgKlFQGqYJIVjtZoiPtrUa0JnvQDhGsL2AzqOSgEEX2_gCmCjal:1rIAzL:1oVUXVKgTzD9WIXNY37OMTfoOoGjjxW81oAr0y4gbvs",
      "expire_date": "2024-01-09T17:13:07.285Z"
    }
  },
  { "model": "common.mission", "pk": 17, "fields": { "libelle": "DOKOUI" } },
  { "model": "common.mission", "pk": 18, "fields": { "libelle": "YOPOUGON" } },
  { "model": "common.mission", "pk": 19, "fields": { "libelle": "DALOA" } },
  { "model": "common.palier", "pk": 5, "fields": { "montant": 3600000 } },
  { "model": "common.palier", "pk": 6, "fields": { "montant": 2400000 } },
  { "model": "common.palier", "pk": 7, "fields": { "montant": 1200000 } },
  { "model": "common.palier", "pk": 8, "fields": { "montant": 600000 } },
  { "model": "common.palier", "pk": 9, "fields": { "montant": 240000 } },
  { "model": "common.palier", "pk": 10, "fields": { "montant": 60000 } },
  { "model": "common.palier", "pk": 11, "fields": { "montant": 24000 } },
  {
    "model": "common.typesortie",
    "pk": 3,
    "fields": { "libelle": "Factures" }
  },
  { "model": "common.typesortie", "pk": 4, "fields": { "libelle": "Autres" } },
  {
    "model": "common.typesortie",
    "pk": 5,
    "fields": { "libelle": "Dépense veillée 31" }
  },
  {
    "model": "common.typesortie",
    "pk": 6,
    "fields": { "libelle": "Facture CIE" }
  },
  {
    "model": "common.typesortie",
    "pk": 7,
    "fields": { "libelle": "Facture Internet" }
  },
  {
    "model": "common.typesortie",
    "pk": 8,
    "fields": { "libelle": "Facture SODECI" }
  },
  {
    "model": "common.typesortie",
    "pk": 9,
    "fields": { "libelle": "Soutien Pst THIMOTEE" }
  },
  {
    "model": "common.typesortie",
    "pk": 10,
    "fields": { "libelle": "Soutien Pst JACQUELINE" }
  },
  {
    "model": "common.typesortie",
    "pk": 11,
    "fields": { "libelle": "Equipe de louange" }
  },
  {
    "model": "common.typeentree",
    "pk": 1,
    "fields": { "libelle": "Offrande" }
  },
  { "model": "common.typeentree", "pk": 2, "fields": { "libelle": "Dîme" } },
  {
    "model": "common.typeentree",
    "pk": 5,
    "fields": { "libelle": "Appro. caisse" }
  },
  {
    "model": "common.typeentree",
    "pk": 6,
    "fields": { "libelle": "Action de grâce" }
  },
  { "model": "common.typeentree", "pk": 7, "fields": { "libelle": "Semence" } },
  {
    "model": "common.timeline",
    "pk": 1,
    "fields": {
      "action": "Ce membre est desormais suivi par John Doe.",
      "membre": 14,
      "created_at": "2023-09-11T17:46:17.230Z"
    }
  },
  {
    "model": "common.timeline",
    "pk": 2,
    "fields": {
      "action": "Ce nouveau a été changé en membre",
      "membre": 14,
      "created_at": "2023-09-11T17:47:01.543Z"
    }
  },
  {
    "model": "common.timeline",
    "pk": 3,
    "fields": {
      "action": "Ce membre est desormais baptisé(e).",
      "membre": 15,
      "created_at": "2023-09-11T19:27:33.588Z"
    }
  },
  {
    "model": "common.timeline",
    "pk": 4,
    "fields": {
      "action": "Ce membre est desormais suivi par Antoine Yao.",
      "membre": 15,
      "created_at": "2023-09-11T19:27:45.752Z"
    }
  },
  {
    "model": "common.timeline",
    "pk": 5,
    "fields": {
      "action": "Ce nouveau a été changé en membre",
      "membre": 15,
      "created_at": "2023-09-11T19:27:49.766Z"
    }
  },
  {
    "model": "common.timeline",
    "pk": 6,
    "fields": {
      "action": "Ce nouveau a été changé en membre",
      "membre": 16,
      "created_at": "2023-09-20T15:28:54.368Z"
    }
  },
  {
    "model": "membres.membre",
    "pk": 20,
    "fields": {
      "nom": "DABE",
      "prenom": "Lohoré Princia Grah",
      "sexe": "femme",
      "fonction": "Inspectrice des impots",
      "marie": true,
      "baptise": true,
      "contact": "0707151266",
      "habitation": "Non défini",
      "nouveau": false,
      "mission": 17,
      "encadreur": null,
      "merged": false
    }
  },
  {
    "model": "membres.membre",
    "pk": 21,
    "fields": {
      "nom": "TOURE",
      "prenom": "Naognou, Blandine",
      "sexe": "femme",
      "fonction": "Coiffeuse",
      "marie": true,
      "baptise": true,
      "contact": "07 67 74 92 21",
      "habitation": "Non défini",
      "nouveau": false,
      "mission": 17,
      "encadreur": null,
      "merged": false
    }
  },
  {
    "model": "membres.membre",
    "pk": 22,
    "fields": {
      "nom": "BOROHON",
      "prenom": "Adelaide",
      "sexe": "femme",
      "fonction": "Non défini",
      "marie": false,
      "baptise": false,
      "contact": "0554490960",
      "habitation": "Non défini",
      "nouveau": false,
      "mission": 17,
      "encadreur": null,
      "merged": false
    }
  },
  {
    "model": "membres.membre",
    "pk": 23,
    "fields": {
      "nom": "KOUAME",
      "prenom": "Kouassi Herve",
      "sexe": "homme",
      "fonction": "Informaticien",
      "marie": true,
      "baptise": true,
      "contact": "0707324348",
      "habitation": "Non défini",
      "nouveau": false,
      "mission": 17,
      "encadreur": null,
      "merged": false
    }
  },
  {
    "model": "membres.membre",
    "pk": 24,
    "fields": {
      "nom": "GODE EPSE KOUAME",
      "prenom": "Rita",
      "sexe": "femme",
      "fonction": "Commercante",
      "marie": true,
      "baptise": true,
      "contact": "0709954295",
      "habitation": "Non défini",
      "nouveau": false,
      "mission": 17,
      "encadreur": null,
      "merged": false
    }
  },
  {
    "model": "membres.membre",
    "pk": 25,
    "fields": {
      "nom": "N'CHO",
      "prenom": "Keren Eliora",
      "sexe": "femme",
      "fonction": "Eleve",
      "marie": false,
      "baptise": false,
      "contact": "0173574416",
      "habitation": "Non défini",
      "nouveau": false,
      "mission": 17,
      "encadreur": null,
      "merged": false
    }
  },
  {
    "model": "membres.membre",
    "pk": 26,
    "fields": {
      "nom": "DABE",
      "prenom": "Lohore Brayann",
      "sexe": "homme",
      "fonction": "Entrepeneur",
      "marie": false,
      "baptise": true,
      "contact": "0789407206",
      "habitation": "Non défini",
      "nouveau": false,
      "mission": 17,
      "encadreur": null,
      "merged": false
    }
  },
  {
    "model": "membres.membre",
    "pk": 27,
    "fields": {
      "nom": "KOUAME",
      "prenom": "Ashley Nina",
      "sexe": "femme",
      "fonction": "Patisserie",
      "marie": false,
      "baptise": false,
      "contact": "0102580170",
      "habitation": "Non defini",
      "nouveau": false,
      "mission": 17,
      "encadreur": null,
      "merged": false
    }
  },
  {
    "model": "membres.membre",
    "pk": 28,
    "fields": {
      "nom": "AROUNA",
      "prenom": "Miessa Emmanuella",
      "sexe": "femme",
      "fonction": "Non défini",
      "marie": false,
      "baptise": false,
      "contact": "0554490960",
      "habitation": "Non défini",
      "nouveau": false,
      "mission": 17,
      "encadreur": null,
      "merged": false
    }
  },
  {
    "model": "membres.membre",
    "pk": 29,
    "fields": {
      "nom": "GOUMANON",
      "prenom": "Guy Stéphane",
      "sexe": "homme",
      "fonction": "Prophete",
      "marie": true,
      "baptise": false,
      "contact": "0708278129",
      "habitation": "Non défini",
      "nouveau": false,
      "mission": 17,
      "encadreur": null,
      "merged": false
    }
  },
  {
    "model": "membres.membre",
    "pk": 30,
    "fields": {
      "nom": "GOUMANON",
      "prenom": "K.W. Eden Elya",
      "sexe": "femme",
      "fonction": "Non défini",
      "marie": false,
      "baptise": false,
      "contact": "0708278129",
      "habitation": "Non défini",
      "nouveau": false,
      "mission": 17,
      "encadreur": null,
      "merged": false
    }
  },
  {
    "model": "membres.membre",
    "pk": 31,
    "fields": {
      "nom": "GOUMANON",
      "prenom": "K.A. Elyon Exauce",
      "sexe": "homme",
      "fonction": "Non défini",
      "marie": false,
      "baptise": false,
      "contact": "0708278129",
      "habitation": "Non défini",
      "nouveau": false,
      "mission": 17,
      "encadreur": null,
      "merged": false
    }
  },
  {
    "model": "membres.membre",
    "pk": 32,
    "fields": {
      "nom": "AMOIKON EPSE KOUASSI",
      "prenom": "Rose",
      "sexe": "femme",
      "fonction": "Directrice RH et Administration AO",
      "marie": true,
      "baptise": true,
      "contact": "0143983810",
      "habitation": "Non défini",
      "nouveau": false,
      "mission": 17,
      "encadreur": null,
      "merged": false
    }
  },
  {
    "model": "membres.membre",
    "pk": 33,
    "fields": {
      "nom": "BROU",
      "prenom": "Blah Saarah Eloise",
      "sexe": "femme",
      "fonction": "Assistante Consulaire",
      "marie": false,
      "baptise": true,
      "contact": "0101302612",
      "habitation": "Non défini",
      "nouveau": false,
      "mission": 17,
      "encadreur": null,
      "merged": false
    }
  },
  {
    "model": "membres.membre",
    "pk": 34,
    "fields": {
      "nom": "ASSIN",
      "prenom": "Ahoudjo Franck Alexis",
      "sexe": "homme",
      "fonction": "Etudiant",
      "marie": false,
      "baptise": false,
      "contact": "0170407542",
      "habitation": "Non défini",
      "nouveau": false,
      "mission": 17,
      "encadreur": null,
      "merged": false
    }
  },
  {
    "model": "membres.membre",
    "pk": 35,
    "fields": {
      "nom": "AFFROUMOU",
      "prenom": "Ethan Axel Darren",
      "sexe": "homme",
      "fonction": "Ingénieur",
      "marie": false,
      "baptise": false,
      "contact": "0150472683",
      "habitation": "Non défini",
      "nouveau": false,
      "mission": 17,
      "encadreur": null,
      "merged": false
    }
  },
  {
    "model": "membres.membre",
    "pk": 36,
    "fields": {
      "nom": "AFFOUMOU",
      "prenom": "Wa Affroumou Hervé",
      "sexe": "homme",
      "fonction": "Commercial",
      "marie": true,
      "baptise": true,
      "contact": "0709641863",
      "habitation": "Non défini",
      "nouveau": false,
      "mission": 17,
      "encadreur": null,
      "merged": false
    }
  },
  {
    "model": "membres.membre",
    "pk": 37,
    "fields": {
      "nom": "N'GUESSAN",
      "prenom": "Amenan Yolande",
      "sexe": "femme",
      "fonction": "Assistante chez horizont",
      "marie": false,
      "baptise": true,
      "contact": "0787614903",
      "habitation": "Non défini",
      "nouveau": false,
      "mission": 17,
      "encadreur": null,
      "merged": false
    }
  },
  {
    "model": "membres.membre",
    "pk": 38,
    "fields": {
      "nom": "YAO",
      "prenom": "Affouet Isabelle",
      "sexe": "femme",
      "fonction": "Archiviste",
      "marie": false,
      "baptise": false,
      "contact": "0789041004",
      "habitation": "Non défini",
      "nouveau": false,
      "mission": 17,
      "encadreur": null,
      "merged": false
    }
  },
  {
    "model": "membres.membre",
    "pk": 39,
    "fields": {
      "nom": "MENAKALE",
      "prenom": "GB. Michel",
      "sexe": "homme",
      "fonction": "President des eglises ADS",
      "marie": true,
      "baptise": true,
      "contact": "0777068896",
      "habitation": "Non défini",
      "nouveau": false,
      "mission": 17,
      "encadreur": null,
      "merged": false
    }
  },
  {
    "model": "membres.membre",
    "pk": 40,
    "fields": {
      "nom": "BAMBA",
      "prenom": "Christ Morrel",
      "sexe": "homme",
      "fonction": "Elève",
      "marie": false,
      "baptise": false,
      "contact": "0544400100",
      "habitation": "Non défini",
      "nouveau": false,
      "mission": 17,
      "encadreur": null,
      "merged": false
    }
  },
  {
    "model": "membres.membre",
    "pk": 41,
    "fields": {
      "nom": "FUTUR",
      "prenom": "Enfant Soro",
      "sexe": "homme",
      "fonction": "Non défini",
      "marie": false,
      "baptise": false,
      "contact": "0544400100",
      "habitation": "Non défini",
      "nouveau": false,
      "mission": 17,
      "encadreur": null,
      "merged": false
    }
  },
  {
    "model": "membres.membre",
    "pk": 42,
    "fields": {
      "nom": "GUEI EPSE SORO",
      "prenom": "China",
      "sexe": "femme",
      "fonction": "Entrepeneure",
      "marie": true,
      "baptise": true,
      "contact": "0544400100",
      "habitation": "Non défini",
      "nouveau": false,
      "mission": 17,
      "encadreur": null,
      "merged": false
    }
  },
  {
    "model": "membres.membre",
    "pk": 43,
    "fields": {
      "nom": "SORO",
      "prenom": "Amed",
      "sexe": "homme",
      "fonction": "Agent communal",
      "marie": true,
      "baptise": true,
      "contact": "0757161144",
      "habitation": "Non défini",
      "nouveau": false,
      "mission": 17,
      "encadreur": null,
      "merged": false
    }
  },
  {
    "model": "membres.membre",
    "pk": 44,
    "fields": {
      "nom": "M'BRO",
      "prenom": "Lath Roselyne",
      "sexe": "femme",
      "fonction": "Gerante Initia TIC",
      "marie": false,
      "baptise": true,
      "contact": "0708193319",
      "habitation": "Non défini",
      "nouveau": false,
      "mission": 17,
      "encadreur": null,
      "merged": false
    }
  },
  {
    "model": "membres.membre",
    "pk": 45,
    "fields": {
      "nom": "SAVANE",
      "prenom": "Drocho Kanao",
      "sexe": "homme",
      "fonction": "Agent de banque",
      "marie": true,
      "baptise": true,
      "contact": "0504984325",
      "habitation": "Non défini",
      "nouveau": false,
      "mission": 17,
      "encadreur": null,
      "merged": false
    }
  },
  {
    "model": "membres.membre",
    "pk": 46,
    "fields": {
      "nom": "N'GUESSAN",
      "prenom": "Yves",
      "sexe": "homme",
      "fonction": "Administrateur Civil",
      "marie": false,
      "baptise": true,
      "contact": "0747820202",
      "habitation": "Non défini",
      "nouveau": false,
      "mission": 17,
      "encadreur": null,
      "merged": false
    }
  },
  {
    "model": "membres.membre",
    "pk": 47,
    "fields": {
      "nom": "MENAKALE",
      "prenom": "Henriette",
      "sexe": "femme",
      "fonction": "Pasteur",
      "marie": true,
      "baptise": true,
      "contact": "0758863017",
      "habitation": "Non défini",
      "nouveau": false,
      "mission": 17,
      "encadreur": null,
      "merged": false
    }
  },
  {
    "model": "membres.membre",
    "pk": 48,
    "fields": {
      "nom": "AKA",
      "prenom": "Edoxie",
      "sexe": "femme",
      "fonction": "Etudiante",
      "marie": false,
      "baptise": false,
      "contact": "0779123099",
      "habitation": "Non défini",
      "nouveau": false,
      "mission": 17,
      "encadreur": null,
      "merged": false
    }
  },
  {
    "model": "membres.membre",
    "pk": 49,
    "fields": {
      "nom": "AKAHOUA",
      "prenom": "Assi Aimé",
      "sexe": "homme",
      "fonction": "Conducteur engins",
      "marie": false,
      "baptise": false,
      "contact": "0707325814",
      "habitation": "Non défini",
      "nouveau": false,
      "mission": 17,
      "encadreur": null,
      "merged": false
    }
  },
  {
    "model": "membres.membre",
    "pk": 50,
    "fields": {
      "nom": "KOUASSI",
      "prenom": "Yao Delphin Henoc",
      "sexe": "homme",
      "fonction": "Non défini",
      "marie": false,
      "baptise": true,
      "contact": "0788992335",
      "habitation": "Non défini",
      "nouveau": false,
      "mission": 17,
      "encadreur": null,
      "merged": false
    }
  },
  {
    "model": "membres.membre",
    "pk": 51,
    "fields": {
      "nom": "TOTY",
      "prenom": "Marie Joelle",
      "sexe": "femme",
      "fonction": "Eleve",
      "marie": false,
      "baptise": false,
      "contact": "0173349052",
      "habitation": "Non défini",
      "nouveau": false,
      "mission": 17,
      "encadreur": null,
      "merged": false
    }
  },
  {
    "model": "membres.membre",
    "pk": 52,
    "fields": {
      "nom": "KABLAN",
      "prenom": "Naomi",
      "sexe": "femme",
      "fonction": "Commerciale",
      "marie": false,
      "baptise": true,
      "contact": "0779277646",
      "habitation": "Non défini",
      "nouveau": false,
      "mission": 17,
      "encadreur": null,
      "merged": false
    }
  },
  {
    "model": "membres.membre",
    "pk": 53,
    "fields": {
      "nom": "SANGARE",
      "prenom": "Botoh Ericka",
      "sexe": "femme",
      "fonction": "Etudiante",
      "marie": false,
      "baptise": false,
      "contact": "0173245889",
      "habitation": "Non défini",
      "nouveau": false,
      "mission": 17,
      "encadreur": null,
      "merged": false
    }
  },
  {
    "model": "membres.membre",
    "pk": 54,
    "fields": {
      "nom": "BOTOH",
      "prenom": "Kelanie Rolande",
      "sexe": "femme",
      "fonction": "Femme d'affaire",
      "marie": false,
      "baptise": true,
      "contact": "0747293225",
      "habitation": "Non défini",
      "nouveau": false,
      "mission": 17,
      "encadreur": null,
      "merged": false
    }
  },
  {
    "model": "membres.membre",
    "pk": 55,
    "fields": {
      "nom": "BOTI",
      "prenom": "Fabrice",
      "sexe": "homme",
      "fonction": "DG Vbest technologie",
      "marie": true,
      "baptise": true,
      "contact": "0777576903",
      "habitation": "Non défini",
      "nouveau": false,
      "mission": 17,
      "encadreur": null,
      "merged": false
    }
  },
  {
    "model": "membres.membre",
    "pk": 56,
    "fields": {
      "nom": "YORO",
      "prenom": "Patricia",
      "sexe": "femme",
      "fonction": "Au chomage",
      "marie": false,
      "baptise": true,
      "contact": "0707689762",
      "habitation": "Non défini",
      "nouveau": false,
      "mission": 17,
      "encadreur": null,
      "merged": false
    }
  },
  {
    "model": "membres.membre",
    "pk": 57,
    "fields": {
      "nom": "YORO",
      "prenom": "Claire Cheryl",
      "sexe": "femme",
      "fonction": "Eleve",
      "marie": false,
      "baptise": false,
      "contact": "0707689762",
      "habitation": "Non défini",
      "nouveau": false,
      "mission": 17,
      "encadreur": null,
      "merged": false
    }
  },
  {
    "model": "membres.membre",
    "pk": 58,
    "fields": {
      "nom": "SAHI EPSE TOTY",
      "prenom": "Bernadette",
      "sexe": "homme",
      "fonction": "Aide soignante",
      "marie": true,
      "baptise": true,
      "contact": "0707959251",
      "habitation": "Non défini",
      "nouveau": false,
      "mission": 17,
      "encadreur": null,
      "merged": false
    }
  },
  {
    "model": "membres.membre",
    "pk": 59,
    "fields": {
      "nom": "IGBO",
      "prenom": "Bayoro Ines",
      "sexe": "femme",
      "fonction": "Decoratrice d'interieur",
      "marie": false,
      "baptise": false,
      "contact": "0769306145",
      "habitation": "Non défini",
      "nouveau": false,
      "mission": 17,
      "encadreur": null,
      "merged": false
    }
  },
  {
    "model": "membres.membre",
    "pk": 60,
    "fields": {
      "nom": "WASSA",
      "prenom": "Ange loic Rama",
      "sexe": "homme",
      "fonction": "Entrepreneur en Agriculture",
      "marie": false,
      "baptise": false,
      "contact": "0707489807",
      "habitation": "Non défini",
      "nouveau": false,
      "mission": 17,
      "encadreur": null,
      "merged": false
    }
  },
  {
    "model": "membres.membre",
    "pk": 61,
    "fields": {
      "nom": "APOUTOU",
      "prenom": "Sharon",
      "sexe": "femme",
      "fonction": "Assistante Administrative",
      "marie": false,
      "baptise": true,
      "contact": "0768783461",
      "habitation": "Non défini",
      "nouveau": false,
      "mission": 17,
      "encadreur": null,
      "merged": false
    }
  },
  {
    "model": "membres.membre",
    "pk": 62,
    "fields": {
      "nom": "SOLIN",
      "prenom": "Guetin Ange",
      "sexe": "homme",
      "fonction": "Infographiste",
      "marie": false,
      "baptise": false,
      "contact": "0709476766",
      "habitation": "Non défini",
      "nouveau": false,
      "mission": 17,
      "encadreur": null,
      "merged": false
    }
  },
  {
    "model": "membres.membre",
    "pk": 63,
    "fields": {
      "nom": "GNANGUI",
      "prenom": "Amani Apollinaire",
      "sexe": "homme",
      "fonction": "Habilleur",
      "marie": true,
      "baptise": true,
      "contact": "0170707003",
      "habitation": "Non défini",
      "nouveau": false,
      "mission": 17,
      "encadreur": null,
      "merged": false
    }
  },
  {
    "model": "membres.membre",
    "pk": 64,
    "fields": {
      "nom": "GRAH",
      "prenom": "Keylia Adjra.P.A",
      "sexe": "femme",
      "fonction": "Non défini",
      "marie": false,
      "baptise": false,
      "contact": "2722546671",
      "habitation": "Non défini",
      "nouveau": false,
      "mission": 17,
      "encadreur": null,
      "merged": false
    }
  },
  {
    "model": "membres.membre",
    "pk": 65,
    "fields": {
      "nom": "BOTI",
      "prenom": "Arnaud Desiré",
      "sexe": "homme",
      "fonction": "Chef d'entreprise",
      "marie": true,
      "baptise": true,
      "contact": "07 77 24 84 66",
      "habitation": "Angré",
      "nouveau": false,
      "mission": 17,
      "encadreur": null,
      "merged": false
    }
  },
  {
    "model": "membres.membre",
    "pk": 66,
    "fields": {
      "nom": "BROU",
      "prenom": "Hermann Claver",
      "sexe": "homme",
      "fonction": "Informaticien",
      "marie": true,
      "baptise": true,
      "contact": "0767230245",
      "habitation": "Port Bouet",
      "nouveau": false,
      "mission": 17,
      "encadreur": null,
      "merged": false
    }
  },
  {
    "model": "membres.membre",
    "pk": 67,
    "fields": {
      "nom": "KACOU",
      "prenom": "Epse BOTI ARIELLE",
      "sexe": "femme",
      "fonction": "Chef d'entreprise",
      "marie": true,
      "baptise": true,
      "contact": "0707460406",
      "habitation": "Angré",
      "nouveau": false,
      "mission": 17,
      "encadreur": null,
      "merged": false
    }
  },
  {
    "model": "membres.membre",
    "pk": 68,
    "fields": {
      "nom": "BOTI",
      "prenom": "Shanna Séphora",
      "sexe": "femme",
      "fonction": "Eleve",
      "marie": false,
      "baptise": false,
      "contact": "07 77 24 84 66",
      "habitation": "Angré",
      "nouveau": false,
      "mission": 17,
      "encadreur": null,
      "merged": false
    }
  },
  {
    "model": "membres.membre",
    "pk": 69,
    "fields": {
      "nom": "BOTI",
      "prenom": "Mérab Inaya",
      "sexe": "femme",
      "fonction": "Enfant",
      "marie": false,
      "baptise": false,
      "contact": "07 77 24 84 66",
      "habitation": "Angré",
      "nouveau": false,
      "mission": 17,
      "encadreur": null,
      "merged": false
    }
  },
  {
    "model": "membres.membre",
    "pk": 70,
    "fields": {
      "nom": "KOUAME",
      "prenom": "Koffi Marius",
      "sexe": "homme",
      "fonction": "Briquitier",
      "marie": false,
      "baptise": false,
      "contact": "0749231044",
      "habitation": "Daloa",
      "nouveau": false,
      "mission": 19,
      "encadreur": null,
      "merged": false
    }
  },
  {
    "model": "membres.membre",
    "pk": 71,
    "fields": {
      "nom": "ZAMBLE",
      "prenom": "Lou Stephanie",
      "sexe": "femme",
      "fonction": "Coiffeuse",
      "marie": false,
      "baptise": false,
      "contact": "0576456662",
      "habitation": "Daloa",
      "nouveau": false,
      "mission": 19,
      "encadreur": null,
      "merged": false
    }
  },
  {
    "model": "membres.membre",
    "pk": 72,
    "fields": {
      "nom": "BAGUI",
      "prenom": "Christine",
      "sexe": "femme",
      "fonction": "Etudiante",
      "marie": false,
      "baptise": false,
      "contact": "0700118303",
      "habitation": "Daloa",
      "nouveau": false,
      "mission": 19,
      "encadreur": null,
      "merged": false
    }
  },
  {
    "model": "membres.membre",
    "pk": 73,
    "fields": {
      "nom": "SERY",
      "prenom": "Ange Roxane",
      "sexe": "femme",
      "fonction": "Commercante",
      "marie": false,
      "baptise": false,
      "contact": "0779376271",
      "habitation": "Daloa",
      "nouveau": false,
      "mission": 19,
      "encadreur": null,
      "merged": false
    }
  },
  {
    "model": "membres.membre",
    "pk": 74,
    "fields": {
      "nom": "GOHI",
      "prenom": "Bi Lezie Rodolphe",
      "sexe": "homme",
      "fonction": "Stagiaire Délégué",
      "marie": false,
      "baptise": false,
      "contact": "0758310284",
      "habitation": "Daloa",
      "nouveau": false,
      "mission": 19,
      "encadreur": null,
      "merged": false
    }
  },
  {
    "model": "membres.membre",
    "pk": 75,
    "fields": {
      "nom": "DJEDJE",
      "prenom": "Laeticia",
      "sexe": "femme",
      "fonction": "Etudiante",
      "marie": false,
      "baptise": false,
      "contact": "0748896217",
      "habitation": "Daloa",
      "nouveau": false,
      "mission": 19,
      "encadreur": null,
      "merged": false
    }
  },
  {
    "model": "membres.membre",
    "pk": 77,
    "fields": {
      "nom": "KRA",
      "prenom": "Aya Angela",
      "sexe": "femme",
      "fonction": "Couturière",
      "marie": false,
      "baptise": false,
      "contact": "0748081534",
      "habitation": "Daloa",
      "nouveau": false,
      "mission": 19,
      "encadreur": null,
      "merged": false
    }
  },
  {
    "model": "membres.membre",
    "pk": 78,
    "fields": {
      "nom": "ZEREHOUE",
      "prenom": "Stéphanie",
      "sexe": "femme",
      "fonction": "NA",
      "marie": false,
      "baptise": false,
      "contact": "0759654462",
      "habitation": "Daloa",
      "nouveau": false,
      "mission": 19,
      "encadreur": null,
      "merged": false
    }
  },
  {
    "model": "membres.membre",
    "pk": 79,
    "fields": {
      "nom": "OULAI",
      "prenom": "Elie",
      "sexe": "homme",
      "fonction": "Etudiant",
      "marie": false,
      "baptise": false,
      "contact": "0798480958",
      "habitation": "Daloa",
      "nouveau": false,
      "mission": 19,
      "encadreur": null,
      "merged": false
    }
  },
  {
    "model": "membres.membre",
    "pk": 80,
    "fields": {
      "nom": "GBAZALE",
      "prenom": "Denis Israel",
      "sexe": "homme",
      "fonction": "Etudiant",
      "marie": false,
      "baptise": false,
      "contact": "0789588273",
      "habitation": "Daloa",
      "nouveau": false,
      "mission": 19,
      "encadreur": null,
      "merged": false
    }
  },
  {
    "model": "membres.membre",
    "pk": 81,
    "fields": {
      "nom": "ZAHUI",
      "prenom": "Timothée",
      "sexe": "homme",
      "fonction": "Pasteur",
      "marie": false,
      "baptise": true,
      "contact": "0759428945",
      "habitation": "Daloa",
      "nouveau": false,
      "mission": 19,
      "encadreur": null,
      "merged": false
    }
  },
  {
    "model": "membres.membre",
    "pk": 82,
    "fields": {
      "nom": "GOUMANON",
      "prenom": "Aka Rosie",
      "sexe": "femme",
      "fonction": "Entrepreneur",
      "marie": true,
      "baptise": true,
      "contact": "0707850414",
      "habitation": "Angré",
      "nouveau": false,
      "mission": 17,
      "encadreur": null,
      "merged": false
    }
  },
  {
    "model": "membres.membre",
    "pk": 83,
    "fields": {
      "nom": "OUATTARA",
      "prenom": "Franck Olivier",
      "sexe": "homme",
      "fonction": "Comptable",
      "marie": false,
      "baptise": true,
      "contact": "0757256252",
      "habitation": "Dokoui",
      "nouveau": false,
      "mission": 17,
      "encadreur": null,
      "merged": false
    }
  },
  {
    "model": "membres.membre",
    "pk": 84,
    "fields": {
      "nom": "MENAKALE",
      "prenom": "Josué Bénie",
      "sexe": "homme",
      "fonction": "Eleve",
      "marie": false,
      "baptise": false,
      "contact": "0714912043",
      "habitation": "dokoui",
      "nouveau": false,
      "mission": 17,
      "encadreur": null,
      "merged": false
    }
  },
  {
    "model": "membres.membre",
    "pk": 85,
    "fields": {
      "nom": "BROU",
      "prenom": "N'GORAN SEVERIN",
      "sexe": "homme",
      "fonction": "Informaticien",
      "marie": false,
      "baptise": false,
      "contact": "0757739635",
      "habitation": "Dokoui",
      "nouveau": false,
      "mission": 17,
      "encadreur": null,
      "merged": false
    }
  },
  {
    "model": "membres.membre",
    "pk": 86,
    "fields": {
      "nom": "YEBOUE",
      "prenom": "Reine",
      "sexe": "femme",
      "fonction": "Commercante",
      "marie": true,
      "baptise": true,
      "contact": "0102260252",
      "habitation": "abobo",
      "nouveau": false,
      "mission": 17,
      "encadreur": null,
      "merged": false
    }
  },
  {
    "model": "membres.membre",
    "pk": 87,
    "fields": {
      "nom": "ETTIEN",
      "prenom": "Milhane",
      "sexe": "femme",
      "fonction": "Non défini",
      "marie": false,
      "baptise": false,
      "contact": "0759022338",
      "habitation": "Non défini",
      "nouveau": false,
      "mission": 17,
      "encadreur": null,
      "merged": false
    }
  },
  {
    "model": "membres.membre",
    "pk": 88,
    "fields": {
      "nom": "ETTIEN",
      "prenom": "Yves",
      "sexe": "homme",
      "fonction": "Entrepreneur",
      "marie": true,
      "baptise": true,
      "contact": "0759022338",
      "habitation": "Non défini",
      "nouveau": false,
      "mission": 17,
      "encadreur": null,
      "merged": false
    }
  },
  {
    "model": "membres.membre",
    "pk": 89,
    "fields": {
      "nom": "NICRAGBO Epse DABE",
      "prenom": "Carine",
      "sexe": "femme",
      "fonction": "Pharmacienne",
      "marie": true,
      "baptise": false,
      "contact": "0789348213",
      "habitation": "Non défini",
      "nouveau": false,
      "mission": 17,
      "encadreur": null,
      "merged": false
    }
  },
  {
    "model": "membres.membre",
    "pk": 90,
    "fields": {
      "nom": "DABE",
      "prenom": "Esly-Jerielle",
      "sexe": "femme",
      "fonction": "Non défini",
      "marie": false,
      "baptise": false,
      "contact": "0789348213",
      "habitation": "Non défini",
      "nouveau": false,
      "mission": 17,
      "encadreur": null,
      "merged": false
    }
  },
  {
    "model": "membres.membre",
    "pk": 92,
    "fields": {
      "nom": "ETTIEN",
      "prenom": "Chebrown",
      "sexe": "homme",
      "fonction": "Non défini",
      "marie": false,
      "baptise": false,
      "contact": "0759022338",
      "habitation": "Non défini",
      "nouveau": false,
      "mission": 17,
      "encadreur": null,
      "merged": false
    }
  },
  {
    "model": "membres.membre",
    "pk": 93,
    "fields": {
      "nom": "BALLO EPSE ETTIEN",
      "prenom": "Meme Yafow",
      "sexe": "femme",
      "fonction": "Acheteur",
      "marie": true,
      "baptise": false,
      "contact": "0759022338",
      "habitation": "Non défini",
      "nouveau": false,
      "mission": 17,
      "encadreur": null,
      "merged": false
    }
  },
  {
    "model": "membres.membre",
    "pk": 94,
    "fields": {
      "nom": "KOUASSI",
      "prenom": "Elie",
      "sexe": "homme",
      "fonction": "Etudiant",
      "marie": false,
      "baptise": false,
      "contact": "0759908032",
      "habitation": "Non défini",
      "nouveau": false,
      "mission": 17,
      "encadreur": null,
      "merged": false
    }
  },
  {
    "model": "membres.membre",
    "pk": 95,
    "fields": {
      "nom": "BOTI",
      "prenom": "Aaron Yann-Axel",
      "sexe": "homme",
      "fonction": "Eleve",
      "marie": false,
      "baptise": false,
      "contact": "0574475080",
      "habitation": "Non défini",
      "nouveau": false,
      "mission": 17,
      "encadreur": null,
      "merged": false
    }
  },
  {
    "model": "membres.membre",
    "pk": 97,
    "fields": {
      "nom": "N'GUESSAN",
      "prenom": "Akissi Nafiassou",
      "sexe": "femme",
      "fonction": "Eleve",
      "marie": false,
      "baptise": false,
      "contact": "0709947820",
      "habitation": "Non défini",
      "nouveau": false,
      "mission": 17,
      "encadreur": null,
      "merged": false
    }
  },
  {
    "model": "membres.membre",
    "pk": 98,
    "fields": {
      "nom": "GNANGNI",
      "prenom": "Yapo Jean Noel",
      "sexe": "homme",
      "fonction": "Etudiant",
      "marie": false,
      "baptise": false,
      "contact": "0595166768",
      "habitation": "Non défini",
      "nouveau": false,
      "mission": 17,
      "encadreur": null,
      "merged": false
    }
  },
  {
    "model": "membres.membre",
    "pk": 99,
    "fields": {
      "nom": "BALLO",
      "prenom": "Othniel Josue",
      "sexe": "homme",
      "fonction": "Etudiant",
      "marie": false,
      "baptise": false,
      "contact": "0556677494",
      "habitation": "Non défini",
      "nouveau": false,
      "mission": 17,
      "encadreur": null,
      "merged": false
    }
  },
  {
    "model": "membres.membre",
    "pk": 100,
    "fields": {
      "nom": "ASSI",
      "prenom": "Alle Eymar",
      "sexe": "homme",
      "fonction": "Chauffeur",
      "marie": false,
      "baptise": false,
      "contact": "07 08 76 27 60",
      "habitation": "Non défini",
      "nouveau": false,
      "mission": 17,
      "encadreur": null,
      "merged": false
    }
  },
  {
    "model": "membres.membre",
    "pk": 101,
    "fields": {
      "nom": "GNANGUI",
      "prenom": "Koffi Fiacre",
      "sexe": "homme",
      "fonction": "Etudiant",
      "marie": false,
      "baptise": false,
      "contact": "0566255132",
      "habitation": "Non défini",
      "nouveau": false,
      "mission": 17,
      "encadreur": null,
      "merged": false
    }
  },
  {
    "model": "membres.membre",
    "pk": 102,
    "fields": {
      "nom": "BROU",
      "prenom": "N'guessan Francklin",
      "sexe": "homme",
      "fonction": "Comptable",
      "marie": false,
      "baptise": true,
      "contact": "0777512722",
      "habitation": "Non défini",
      "nouveau": false,
      "mission": 17,
      "encadreur": null,
      "merged": false
    }
  },
  {
    "model": "membres.membre",
    "pk": 103,
    "fields": {
      "nom": "ZAMBLE",
      "prenom": "Bitra Wilis",
      "sexe": "homme",
      "fonction": "Eleve",
      "marie": false,
      "baptise": false,
      "contact": "0778547663",
      "habitation": "Non défini",
      "nouveau": false,
      "mission": 17,
      "encadreur": null,
      "merged": false
    }
  },
  {
    "model": "membres.membre",
    "pk": 104,
    "fields": {
      "nom": "GNANGUI",
      "prenom": "Agnissan Emmanuella",
      "sexe": "femme",
      "fonction": "Eleve",
      "marie": false,
      "baptise": false,
      "contact": "0101154960",
      "habitation": "Non défini",
      "nouveau": false,
      "mission": 17,
      "encadreur": null,
      "merged": false
    }
  },
  {
    "model": "membres.membre",
    "pk": 105,
    "fields": {
      "nom": "N'GUESSAN",
      "prenom": "Nadege",
      "sexe": "femme",
      "fonction": "Sans emploi",
      "marie": false,
      "baptise": false,
      "contact": "0779335532",
      "habitation": "Non défini",
      "nouveau": false,
      "mission": 17,
      "encadreur": null,
      "merged": false
    }
  },
  {
    "model": "membres.membre",
    "pk": 106,
    "fields": {
      "nom": "ATSE",
      "prenom": "Boni Franck",
      "sexe": "homme",
      "fonction": "Etudiant stagiaire",
      "marie": false,
      "baptise": false,
      "contact": "0787195807",
      "habitation": "Non défini",
      "nouveau": false,
      "mission": 17,
      "encadreur": null,
      "merged": false
    }
  },
  {
    "model": "membres.membre",
    "pk": 107,
    "fields": {
      "nom": "KOUAME",
      "prenom": "Archille",
      "sexe": "homme",
      "fonction": "Informaticien",
      "marie": true,
      "baptise": true,
      "contact": "0787280948",
      "habitation": "Non défini",
      "nouveau": false,
      "mission": 17,
      "encadreur": null,
      "merged": false
    }
  },
  {
    "model": "membres.membre",
    "pk": 108,
    "fields": {
      "nom": "YAO",
      "prenom": "Kouassi Kevin",
      "sexe": "homme",
      "fonction": "Etudiant",
      "marie": false,
      "baptise": false,
      "contact": "0566102938",
      "habitation": "Non défini",
      "nouveau": false,
      "mission": 17,
      "encadreur": null,
      "merged": false
    }
  },
  {
    "model": "membres.membre",
    "pk": 109,
    "fields": {
      "nom": "COULIBALY",
      "prenom": "Yannick",
      "sexe": "homme",
      "fonction": "Etudiant",
      "marie": false,
      "baptise": false,
      "contact": "0777572414",
      "habitation": "Non défini",
      "nouveau": false,
      "mission": 17,
      "encadreur": null,
      "merged": false
    }
  },
  {
    "model": "membres.membre",
    "pk": 110,
    "fields": {
      "nom": "ESSIS EPSE LASME",
      "prenom": "Shella",
      "sexe": "femme",
      "fonction": "Non défini",
      "marie": true,
      "baptise": true,
      "contact": "0705763084",
      "habitation": "Non défini",
      "nouveau": false,
      "mission": 17,
      "encadreur": null,
      "merged": false
    }
  },
  {
    "model": "membres.membre",
    "pk": 111,
    "fields": {
      "nom": "BOTI",
      "prenom": "Yann Yves-Alain",
      "sexe": "homme",
      "fonction": "Etudiant",
      "marie": false,
      "baptise": true,
      "contact": "0152275402",
      "habitation": "Non défini",
      "nouveau": false,
      "mission": 17,
      "encadreur": null,
      "merged": false
    }
  },
  {
    "model": "membres.membre",
    "pk": 112,
    "fields": {
      "nom": "N'CHO",
      "prenom": "B.Charles",
      "sexe": "homme",
      "fonction": "Chef d'entreprise",
      "marie": true,
      "baptise": false,
      "contact": "0707244324",
      "habitation": "Non défini",
      "nouveau": false,
      "mission": 17,
      "encadreur": null,
      "merged": false
    }
  },
  {
    "model": "membres.membre",
    "pk": 113,
    "fields": {
      "nom": "BION",
      "prenom": "Nongbe Stéphanie",
      "sexe": "femme",
      "fonction": "Assistante Comptable",
      "marie": false,
      "baptise": false,
      "contact": "0758492335",
      "habitation": "Non défini",
      "nouveau": false,
      "mission": 17,
      "encadreur": null,
      "merged": false
    }
  },
  {
    "model": "membres.membre",
    "pk": 114,
    "fields": {
      "nom": "BOUIKALO",
      "prenom": "Boris",
      "sexe": "femme",
      "fonction": "Non défini",
      "marie": false,
      "baptise": true,
      "contact": "0759927062",
      "habitation": "Non défini",
      "nouveau": false,
      "mission": 17,
      "encadreur": null,
      "merged": false
    }
  },
  {
    "model": "membres.membre",
    "pk": 115,
    "fields": {
      "nom": "N'CHO",
      "prenom": "Eliram Natan",
      "sexe": "homme",
      "fonction": "Eleve",
      "marie": false,
      "baptise": false,
      "contact": "0101516447",
      "habitation": "Non défini",
      "nouveau": false,
      "mission": 17,
      "encadreur": null,
      "merged": false
    }
  },
  {
    "model": "membres.membre",
    "pk": 116,
    "fields": {
      "nom": "ACCOH",
      "prenom": "Ilan",
      "sexe": "homme",
      "fonction": "Eleve",
      "marie": false,
      "baptise": false,
      "contact": "0708193319",
      "habitation": "Non défini",
      "nouveau": false,
      "mission": 17,
      "encadreur": null,
      "merged": false
    }
  },
  {
    "model": "membres.membre",
    "pk": 117,
    "fields": {
      "nom": "KOUAKOU",
      "prenom": "Koffi Joel",
      "sexe": "homme",
      "fonction": "Etudiant",
      "marie": false,
      "baptise": false,
      "contact": "0747506811",
      "habitation": "Non défini",
      "nouveau": false,
      "mission": 17,
      "encadreur": null,
      "merged": false
    }
  },
  {
    "model": "membres.membre",
    "pk": 118,
    "fields": {
      "nom": "DIE",
      "prenom": "Fonhiye Olive",
      "sexe": "homme",
      "fonction": "Equipier KFC",
      "marie": false,
      "baptise": false,
      "contact": "0555312866",
      "habitation": "Non défini",
      "nouveau": false,
      "mission": 17,
      "encadreur": null,
      "merged": false
    }
  },
  {
    "model": "membres.membre",
    "pk": 119,
    "fields": {
      "nom": "LASME",
      "prenom": "xxx",
      "sexe": "homme",
      "fonction": "Non défini",
      "marie": false,
      "baptise": false,
      "contact": "0747925999",
      "habitation": "Non défini",
      "nouveau": false,
      "mission": 17,
      "encadreur": null,
      "merged": false
    }
  },
  {
    "model": "membres.membre",
    "pk": 120,
    "fields": {
      "nom": "LASME",
      "prenom": "Shammah Milèle",
      "sexe": "femme",
      "fonction": "Non défini",
      "marie": false,
      "baptise": false,
      "contact": "0747925999",
      "habitation": "Non défini",
      "nouveau": false,
      "mission": 17,
      "encadreur": null,
      "merged": false
    }
  },
  {
    "model": "membres.membre",
    "pk": 121,
    "fields": {
      "nom": "LASME",
      "prenom": "Didier Charles",
      "sexe": "homme",
      "fonction": "Informaticien",
      "marie": true,
      "baptise": true,
      "contact": "0747925999",
      "habitation": "Non défini",
      "nouveau": false,
      "mission": 17,
      "encadreur": null,
      "merged": false
    }
  },
  {
    "model": "membres.membre",
    "pk": 122,
    "fields": {
      "nom": "KOUASSI",
      "prenom": "Akissi Rolande",
      "sexe": "femme",
      "fonction": "Patissiere",
      "marie": true,
      "baptise": true,
      "contact": "0708818798",
      "habitation": "Non défini",
      "nouveau": false,
      "mission": 17,
      "encadreur": null,
      "merged": false
    }
  },
  {
    "model": "membres.membre",
    "pk": 123,
    "fields": {
      "nom": "KOUI",
      "prenom": "Mande Blessing",
      "sexe": "homme",
      "fonction": "Ecolier",
      "marie": false,
      "baptise": false,
      "contact": "0708818798",
      "habitation": "Non défini",
      "nouveau": false,
      "mission": 17,
      "encadreur": null,
      "merged": false
    }
  },
  {
    "model": "membres.membre",
    "pk": 124,
    "fields": {
      "nom": "KOUI",
      "prenom": "Alain Michel",
      "sexe": "homme",
      "fonction": "Enseignant",
      "marie": true,
      "baptise": true,
      "contact": "0709543535",
      "habitation": "Non défini",
      "nouveau": false,
      "mission": 17,
      "encadreur": null,
      "merged": false
    }
  },
  {
    "model": "membres.membre",
    "pk": 125,
    "fields": {
      "nom": "N'GUETTIA",
      "prenom": "Kouamé Ariel",
      "sexe": "homme",
      "fonction": "Etudiant",
      "marie": false,
      "baptise": false,
      "contact": "0748095928",
      "habitation": "Non défini",
      "nouveau": false,
      "mission": 17,
      "encadreur": null,
      "merged": false
    }
  },
  {
    "model": "membres.membre",
    "pk": 126,
    "fields": {
      "nom": "ARMANDE",
      "prenom": "Amani",
      "sexe": "femme",
      "fonction": "Responsable commerciale",
      "marie": true,
      "baptise": true,
      "contact": "0101154960",
      "habitation": "Non défini",
      "nouveau": false,
      "mission": 17,
      "encadreur": null,
      "merged": false
    }
  },
  {
    "model": "membres.membre",
    "pk": 127,
    "fields": {
      "nom": "ISSOUF",
      "prenom": "Miliq",
      "sexe": "femme",
      "fonction": "Designer graphique",
      "marie": false,
      "baptise": false,
      "contact": "0789800490",
      "habitation": "Non défini",
      "nouveau": false,
      "mission": 17,
      "encadreur": null,
      "merged": false
    }
  },
  {
    "model": "membres.membre",
    "pk": 128,
    "fields": {
      "nom": "ABONOU",
      "prenom": "Tougnin",
      "sexe": "homme",
      "fonction": "Non défini",
      "marie": false,
      "baptise": false,
      "contact": "0564962707",
      "habitation": "Non défini",
      "nouveau": false,
      "mission": 17,
      "encadreur": null,
      "merged": false
    }
  },
  {
    "model": "membres.membre",
    "pk": 129,
    "fields": {
      "nom": "ABONOU",
      "prenom": "Toto Paul Caleb",
      "sexe": "homme",
      "fonction": "Non défini",
      "marie": false,
      "baptise": false,
      "contact": "0564962707",
      "habitation": "Non défini",
      "nouveau": false,
      "mission": 17,
      "encadreur": null,
      "merged": false
    }
  },
  {
    "model": "membres.membre",
    "pk": 130,
    "fields": {
      "nom": "ABONOU",
      "prenom": "Abonou Salomon Betsaleel",
      "sexe": "homme",
      "fonction": "Non défini",
      "marie": false,
      "baptise": false,
      "contact": "0564962707",
      "habitation": "Non défini",
      "nouveau": false,
      "mission": 17,
      "encadreur": null,
      "merged": false
    }
  },
  {
    "model": "membres.membre",
    "pk": 131,
    "fields": {
      "nom": "EKON EPSE ABONOU",
      "prenom": "Hortense",
      "sexe": "femme",
      "fonction": "Non défini",
      "marie": true,
      "baptise": true,
      "contact": "0749079846",
      "habitation": "Non défini",
      "nouveau": false,
      "mission": 17,
      "encadreur": null,
      "merged": false
    }
  },
  {
    "model": "membres.membre",
    "pk": 132,
    "fields": {
      "nom": "GBERI",
      "prenom": "Ossohou Frejus",
      "sexe": "homme",
      "fonction": "Etudiant",
      "marie": false,
      "baptise": false,
      "contact": "0700175332",
      "habitation": "Non défini",
      "nouveau": false,
      "mission": 17,
      "encadreur": null,
      "merged": false
    }
  },
  {
    "model": "membres.membre",
    "pk": 133,
    "fields": {
      "nom": "ABONOU",
      "prenom": "Toto Albert",
      "sexe": "homme",
      "fonction": "Non défini",
      "marie": true,
      "baptise": true,
      "contact": "0749219360",
      "habitation": "Non défini",
      "nouveau": false,
      "mission": 17,
      "encadreur": null,
      "merged": false
    }
  },
  {
    "model": "membres.membre",
    "pk": 134,
    "fields": {
      "nom": "BROU",
      "prenom": "Guissa",
      "sexe": "homme",
      "fonction": "Educateur",
      "marie": false,
      "baptise": true,
      "contact": "0707458943",
      "habitation": "Non défini",
      "nouveau": false,
      "mission": 17,
      "encadreur": null,
      "merged": false
    }
  },
  {
    "model": "membres.membre",
    "pk": 135,
    "fields": {
      "nom": "BLAOMONBOHIN",
      "prenom": "Claude",
      "sexe": "homme",
      "fonction": "Installateur canal",
      "marie": false,
      "baptise": false,
      "contact": "0779706409",
      "habitation": "Non défini",
      "nouveau": false,
      "mission": 17,
      "encadreur": null,
      "merged": false
    }
  },
  {
    "model": "membres.membre",
    "pk": 136,
    "fields": {
      "nom": "CAMARA EPSE BOTI",
      "prenom": "Hammy",
      "sexe": "femme",
      "fonction": "Entrepreneur",
      "marie": true,
      "baptise": true,
      "contact": "0709067096",
      "habitation": "Non défini",
      "nouveau": false,
      "mission": 17,
      "encadreur": null,
      "merged": false
    }
  },
  {
    "model": "membres.membre",
    "pk": 137,
    "fields": {
      "nom": "BOTI",
      "prenom": "Manuella",
      "sexe": "femme",
      "fonction": "Eleve",
      "marie": false,
      "baptise": false,
      "contact": "0709067096",
      "habitation": "Non défini",
      "nouveau": false,
      "mission": 17,
      "encadreur": null,
      "merged": false
    }
  },
  {
    "model": "membres.membre",
    "pk": 138,
    "fields": {
      "nom": "BOTI",
      "prenom": "Leyana Zoe M",
      "sexe": "femme",
      "fonction": "Non défini",
      "marie": false,
      "baptise": false,
      "contact": "0709067096",
      "habitation": "Non défini",
      "nouveau": false,
      "mission": 17,
      "encadreur": null,
      "merged": false
    }
  },
  {
    "model": "membres.membre",
    "pk": 139,
    "fields": {
      "nom": "AROUNA",
      "prenom": "Sarah",
      "sexe": "femme",
      "fonction": "Couturiere",
      "marie": false,
      "baptise": false,
      "contact": "0506474238",
      "habitation": "Non défini",
      "nouveau": false,
      "mission": 17,
      "encadreur": null,
      "merged": false
    }
  },
  {
    "model": "membres.membre",
    "pk": 141,
    "fields": {
      "nom": "BALLO",
      "prenom": "Jumeaux ETTIEN",
      "sexe": "homme",
      "fonction": "Non défini",
      "marie": false,
      "baptise": false,
      "contact": "0759022338",
      "habitation": "Non défini",
      "nouveau": false,
      "mission": 17,
      "encadreur": null,
      "merged": false
    }
  },
  {
    "model": "membres.membre",
    "pk": 142,
    "fields": {
      "nom": "DJE",
      "prenom": "Jade Sara",
      "sexe": "femme",
      "fonction": "Non défini",
      "marie": false,
      "baptise": false,
      "contact": "0707131509",
      "habitation": "Non défini",
      "nouveau": false,
      "mission": 18,
      "encadreur": null,
      "merged": false
    }
  },
  {
    "model": "membres.membre",
    "pk": 143,
    "fields": {
      "nom": "DJE",
      "prenom": "Yao Benjamin",
      "sexe": "homme",
      "fonction": "Inspecteur Commercial",
      "marie": true,
      "baptise": true,
      "contact": "0707131509",
      "habitation": "Non défini",
      "nouveau": false,
      "mission": 18,
      "encadreur": null,
      "merged": false
    }
  },
  {
    "model": "membres.membre",
    "pk": 144,
    "fields": {
      "nom": "KABLAN",
      "prenom": "Taki Michee",
      "sexe": "homme",
      "fonction": "Comptable",
      "marie": true,
      "baptise": true,
      "contact": "0709006175",
      "habitation": "Non défini",
      "nouveau": false,
      "mission": 18,
      "encadreur": null,
      "merged": false
    }
  },
  {
    "model": "membres.membre",
    "pk": 145,
    "fields": {
      "nom": "KABLAN",
      "prenom": "Yoweid Exaucé",
      "sexe": "homme",
      "fonction": "Non défini",
      "marie": false,
      "baptise": false,
      "contact": "0758254057",
      "habitation": "Non défini",
      "nouveau": false,
      "mission": 18,
      "encadreur": null,
      "merged": false
    }
  },
  {
    "model": "membres.membre",
    "pk": 146,
    "fields": {
      "nom": "ABE EPSE KABLAN",
      "prenom": "Lisette",
      "sexe": "femme",
      "fonction": "Caissière",
      "marie": true,
      "baptise": true,
      "contact": "0749804133",
      "habitation": "Non défini",
      "nouveau": false,
      "mission": 18,
      "encadreur": null,
      "merged": false
    }
  },
  {
    "model": "membres.membre",
    "pk": 147,
    "fields": {
      "nom": "KONE",
      "prenom": "Goualo Lucien",
      "sexe": "homme",
      "fonction": "Imprimeur",
      "marie": false,
      "baptise": false,
      "contact": "0545143650",
      "habitation": "Non défini",
      "nouveau": false,
      "mission": 18,
      "encadreur": null,
      "merged": false
    }
  },
  {
    "model": "membres.membre",
    "pk": 148,
    "fields": {
      "nom": "KOFFI",
      "prenom": "Onakame Gisèle",
      "sexe": "femme",
      "fonction": "Assistante de direction",
      "marie": false,
      "baptise": false,
      "contact": "0555135771",
      "habitation": "Non défini",
      "nouveau": false,
      "mission": 18,
      "encadreur": null,
      "merged": false
    }
  },
  {
    "model": "membres.membre",
    "pk": 149,
    "fields": {
      "nom": "KONE",
      "prenom": "Abigael",
      "sexe": "femme",
      "fonction": "Eleve",
      "marie": false,
      "baptise": false,
      "contact": "0545143650",
      "habitation": "Non défini",
      "nouveau": false,
      "mission": 18,
      "encadreur": null,
      "merged": false
    }
  },
  {
    "model": "membres.membre",
    "pk": 150,
    "fields": {
      "nom": "KONE",
      "prenom": "Juste",
      "sexe": "homme",
      "fonction": "Eleve",
      "marie": false,
      "baptise": false,
      "contact": "0545143650",
      "habitation": "Non défini",
      "nouveau": false,
      "mission": 18,
      "encadreur": null,
      "merged": false
    }
  },
  {
    "model": "membres.membre",
    "pk": 151,
    "fields": {
      "nom": "KONE",
      "prenom": "Decharnel",
      "sexe": "homme",
      "fonction": "Eleve",
      "marie": false,
      "baptise": false,
      "contact": "0545143650",
      "habitation": "Non défini",
      "nouveau": false,
      "mission": 18,
      "encadreur": null,
      "merged": false
    }
  },
  {
    "model": "membres.membre",
    "pk": 152,
    "fields": {
      "nom": "BROU N'GUESSAN EPSE KOUTOUAN",
      "prenom": "Jacqueline",
      "sexe": "femme",
      "fonction": "Pasteur",
      "marie": true,
      "baptise": true,
      "contact": "0141205280",
      "habitation": "Non défini",
      "nouveau": false,
      "mission": 18,
      "encadreur": null,
      "merged": false
    }
  },
  {
    "model": "membres.membre",
    "pk": 153,
    "fields": {
      "nom": "Enfant",
      "prenom": "Koutouan",
      "sexe": "homme",
      "fonction": "Non défini",
      "marie": false,
      "baptise": false,
      "contact": "0545729747",
      "habitation": "Non défini",
      "nouveau": false,
      "mission": 18,
      "encadreur": null,
      "merged": false
    }
  },
  {
    "model": "membres.membre",
    "pk": 154,
    "fields": {
      "nom": "DAGO",
      "prenom": "Louange",
      "sexe": "femme",
      "fonction": "Non défini",
      "marie": false,
      "baptise": false,
      "contact": "0758055735",
      "habitation": "Non défini",
      "nouveau": false,
      "mission": 18,
      "encadreur": null,
      "merged": false
    }
  },
  {
    "model": "membres.membre",
    "pk": 156,
    "fields": {
      "nom": "DAGO",
      "prenom": "Narcisse",
      "sexe": "homme",
      "fonction": "Peintre Batiment",
      "marie": true,
      "baptise": true,
      "contact": "0758057535",
      "habitation": "Non défini",
      "nouveau": false,
      "mission": 18,
      "encadreur": null,
      "merged": false
    }
  },
  {
    "model": "membres.membre",
    "pk": 157,
    "fields": {
      "nom": "DAGO",
      "prenom": "Charlene",
      "sexe": "femme",
      "fonction": "Infographe",
      "marie": true,
      "baptise": true,
      "contact": "0707284194",
      "habitation": "Non défini",
      "nouveau": false,
      "mission": 18,
      "encadreur": null,
      "merged": false
    }
  },
  {
    "model": "membres.membre",
    "pk": 158,
    "fields": {
      "nom": "DJALEGA",
      "prenom": "S. Pacome",
      "sexe": "homme",
      "fonction": "Non défini",
      "marie": false,
      "baptise": false,
      "contact": "0787852566",
      "habitation": "Non défini",
      "nouveau": false,
      "mission": 18,
      "encadreur": null,
      "merged": false
    }
  },
  {
    "model": "membres.membre",
    "pk": 160,
    "fields": {
      "nom": "KODE",
      "prenom": "Vanessa",
      "sexe": "femme",
      "fonction": "chomage",
      "marie": false,
      "baptise": false,
      "contact": "0749588278",
      "habitation": "Non défini",
      "nouveau": false,
      "mission": 18,
      "encadreur": null,
      "merged": false
    }
  },
  {
    "model": "membres.membre",
    "pk": 161,
    "fields": {
      "nom": "KONE",
      "prenom": "Tali  Fidele",
      "sexe": "femme",
      "fonction": "sans emploi",
      "marie": false,
      "baptise": false,
      "contact": "0711531232",
      "habitation": "Non défini",
      "nouveau": false,
      "mission": 18,
      "encadreur": null,
      "merged": false
    }
  },
  {
    "model": "membres.membre",
    "pk": 162,
    "fields": {
      "nom": "KOFFI",
      "prenom": "Christian Verger",
      "sexe": "homme",
      "fonction": "Chargé d'affaires",
      "marie": false,
      "baptise": true,
      "contact": "0708871785",
      "habitation": "Non défini",
      "nouveau": false,
      "mission": 18,
      "encadreur": null,
      "merged": false
    }
  },
  {
    "model": "membres.membre",
    "pk": 163,
    "fields": {
      "nom": "GNAHORE",
      "prenom": "Odette",
      "sexe": "homme",
      "fonction": "Agent de sécurité",
      "marie": false,
      "baptise": false,
      "contact": "0586970896",
      "habitation": "Non défini",
      "nouveau": false,
      "mission": 18,
      "encadreur": null,
      "merged": false
    }
  },
  {
    "model": "membres.membre",
    "pk": 164,
    "fields": {
      "nom": "FAN",
      "prenom": "Gnondi Amoss",
      "sexe": "homme",
      "fonction": "Chef Rayon",
      "marie": false,
      "baptise": false,
      "contact": "0757249343",
      "habitation": "Non défini",
      "nouveau": false,
      "mission": 18,
      "encadreur": null,
      "merged": false
    }
  },
  {
    "model": "membres.membre",
    "pk": 165,
    "fields": {
      "nom": "N'GUESSAN",
      "prenom": "Roseline",
      "sexe": "femme",
      "fonction": "Menagère",
      "marie": false,
      "baptise": false,
      "contact": "0769236520",
      "habitation": "Non défini",
      "nouveau": false,
      "mission": 18,
      "encadreur": null,
      "merged": false
    }
  },
  {
    "model": "membres.membre",
    "pk": 166,
    "fields": {
      "nom": "Enfant",
      "prenom": "SOUAME",
      "sexe": "homme",
      "fonction": "Eleve",
      "marie": false,
      "baptise": false,
      "contact": "0769236520",
      "habitation": "Non défini",
      "nouveau": false,
      "mission": 18,
      "encadreur": null,
      "merged": false
    }
  },
  {
    "model": "membres.membre",
    "pk": 167,
    "fields": {
      "nom": "BEDI",
      "prenom": "Mari",
      "sexe": "femme",
      "fonction": "Coiffeuse",
      "marie": false,
      "baptise": false,
      "contact": "0546951881",
      "habitation": "Non défini",
      "nouveau": false,
      "mission": 18,
      "encadreur": null,
      "merged": false
    }
  },
  {
    "model": "membres.membre",
    "pk": 168,
    "fields": {
      "nom": "DJOKOUHI",
      "prenom": "Florence",
      "sexe": "femme",
      "fonction": "Eleve",
      "marie": false,
      "baptise": false,
      "contact": "0548951881",
      "habitation": "Non défini",
      "nouveau": false,
      "mission": 18,
      "encadreur": null,
      "merged": false
    }
  },
  {
    "model": "membres.membre",
    "pk": 169,
    "fields": {
      "nom": "BEUGRE",
      "prenom": "Jeanne",
      "sexe": "femme",
      "fonction": "sans emploi",
      "marie": true,
      "baptise": true,
      "contact": "0709125171",
      "habitation": "Non défini",
      "nouveau": false,
      "mission": 18,
      "encadreur": null,
      "merged": false
    }
  },
  {
    "model": "membres.membre",
    "pk": 170,
    "fields": {
      "nom": "BEUGRE",
      "prenom": "Eunice",
      "sexe": "femme",
      "fonction": "Eleve",
      "marie": false,
      "baptise": false,
      "contact": "0709125171",
      "habitation": "Non défini",
      "nouveau": false,
      "mission": 18,
      "encadreur": null,
      "merged": false
    }
  },
  {
    "model": "membres.membre",
    "pk": 171,
    "fields": {
      "nom": "KOE BI",
      "prenom": "Nathanael Le Miraculeux",
      "sexe": "homme",
      "fonction": "Agent de securité SMO",
      "marie": false,
      "baptise": false,
      "contact": "0707232297",
      "habitation": "Non défini",
      "nouveau": false,
      "mission": 18,
      "encadreur": null,
      "merged": false
    }
  },
  {
    "model": "membres.membre",
    "pk": 172,
    "fields": {
      "nom": "ZEZE",
      "prenom": "Doriane",
      "sexe": "femme",
      "fonction": "Eleve",
      "marie": false,
      "baptise": false,
      "contact": "0700024775",
      "habitation": "Non défini",
      "nouveau": false,
      "mission": 18,
      "encadreur": null,
      "merged": false
    }
  },
  {
    "model": "membres.membre",
    "pk": 173,
    "fields": {
      "nom": "KOUADIO",
      "prenom": "Leandre",
      "sexe": "homme",
      "fonction": "Etudiant",
      "marie": false,
      "baptise": false,
      "contact": "0748393887",
      "habitation": "Non défini",
      "nouveau": false,
      "mission": 18,
      "encadreur": null,
      "merged": false
    }
  },
  {
    "model": "membres.membre",
    "pk": 174,
    "fields": {
      "nom": "KOUTOUAN",
      "prenom": "Guy Constant",
      "sexe": "homme",
      "fonction": "Pasteur",
      "marie": true,
      "baptise": true,
      "contact": "0141523271",
      "habitation": "Non défini",
      "nouveau": false,
      "mission": 18,
      "encadreur": null,
      "merged": false
    }
  },
  {
    "model": "membres.membre",
    "pk": 175,
    "fields": {
      "nom": "DJE",
      "prenom": "Yao Brady Enzo",
      "sexe": "homme",
      "fonction": "Eleve",
      "marie": false,
      "baptise": false,
      "contact": "0707131509",
      "habitation": "Non défini",
      "nouveau": false,
      "mission": 18,
      "encadreur": null,
      "merged": false
    }
  },
  {
    "model": "membres.membre",
    "pk": 176,
    "fields": {
      "nom": "GOUAMENE",
      "prenom": "Nadege",
      "sexe": "femme",
      "fonction": "Estheticienne",
      "marie": false,
      "baptise": false,
      "contact": "0789947976",
      "habitation": "Non défini",
      "nouveau": false,
      "mission": 18,
      "encadreur": null,
      "merged": false
    }
  },
  {
    "model": "membres.membre",
    "pk": 177,
    "fields": {
      "nom": "KONAN",
      "prenom": "Aya Steph.",
      "sexe": "femme",
      "fonction": "Ménagere",
      "marie": false,
      "baptise": false,
      "contact": "0584734423",
      "habitation": "Non défini",
      "nouveau": false,
      "mission": 18,
      "encadreur": null,
      "merged": false
    }
  },
  {
    "model": "membres.membre",
    "pk": 178,
    "fields": {
      "nom": "TOUHOUI LOU",
      "prenom": "EM.",
      "sexe": "femme",
      "fonction": "Etudiante",
      "marie": false,
      "baptise": false,
      "contact": "0778964683",
      "habitation": "Non défini",
      "nouveau": false,
      "mission": 18,
      "encadreur": null,
      "merged": false
    }
  },
  {
    "model": "membres.membre",
    "pk": 180,
    "fields": {
      "nom": "KASSI",
      "prenom": "Alice",
      "sexe": "femme",
      "fonction": "Non défini",
      "marie": true,
      "baptise": false,
      "contact": "0544049710",
      "habitation": "Non défini",
      "nouveau": false,
      "mission": 18,
      "encadreur": null,
      "merged": false
    }
  },
  {
    "model": "membres.membre",
    "pk": 181,
    "fields": {
      "nom": "KOUAKOU",
      "prenom": "Fabrice Ruben",
      "sexe": "homme",
      "fonction": "Energeticien",
      "marie": false,
      "baptise": false,
      "contact": "0749297162",
      "habitation": "Non défini",
      "nouveau": false,
      "mission": 18,
      "encadreur": null,
      "merged": false
    }
  },
  {
    "model": "membres.membre",
    "pk": 182,
    "fields": {
      "nom": "DJE",
      "prenom": "Deborah",
      "sexe": "femme",
      "fonction": "Auditeur Comptable",
      "marie": true,
      "baptise": true,
      "contact": "07 77 65 5445",
      "habitation": "Non défini",
      "nouveau": false,
      "mission": 18,
      "encadreur": null,
      "merged": false
    }
  },
  {
    "model": "membres.membre",
    "pk": 183,
    "fields": {
      "nom": "COULIBALY",
      "prenom": "Mireille",
      "sexe": "femme",
      "fonction": "Entrepreneur",
      "marie": false,
      "baptise": false,
      "contact": "0708341949",
      "habitation": "Non défini",
      "nouveau": false,
      "mission": 18,
      "encadreur": null,
      "merged": false
    }
  },
  {
    "model": "membres.membre",
    "pk": 184,
    "fields": {
      "nom": "ZAPKA",
      "prenom": "Ivan",
      "sexe": "homme",
      "fonction": "Eleve",
      "marie": false,
      "baptise": false,
      "contact": "0708341949",
      "habitation": "Non défini",
      "nouveau": false,
      "mission": 18,
      "encadreur": null,
      "merged": false
    }
  },
  {
    "model": "membres.membre",
    "pk": 185,
    "fields": {
      "nom": "DIE",
      "prenom": "Amenan Yao Agnes",
      "sexe": "femme",
      "fonction": "Eleve",
      "marie": false,
      "baptise": false,
      "contact": "0141181601",
      "habitation": "Non défini",
      "nouveau": false,
      "mission": 18,
      "encadreur": null,
      "merged": false
    }
  },
  {
    "model": "membres.membre",
    "pk": 186,
    "fields": {
      "nom": "KASSI",
      "prenom": "Alain",
      "sexe": "homme",
      "fonction": "Agence commerciale",
      "marie": true,
      "baptise": false,
      "contact": "0709214641",
      "habitation": "Non défini",
      "nouveau": false,
      "mission": 18,
      "encadreur": null,
      "merged": false
    }
  },
  {
    "model": "membres.membre",
    "pk": 187,
    "fields": {
      "nom": "KASSI",
      "prenom": "Hanniel",
      "sexe": "homme",
      "fonction": "Eleve",
      "marie": false,
      "baptise": false,
      "contact": "0709214641",
      "habitation": "Non défini",
      "nouveau": false,
      "mission": 18,
      "encadreur": null,
      "merged": false
    }
  },
  {
    "model": "membres.membre",
    "pk": 188,
    "fields": {
      "nom": "BAHOUA",
      "prenom": "Sarah",
      "sexe": "femme",
      "fonction": "Commerçante",
      "marie": false,
      "baptise": false,
      "contact": "0700024775",
      "habitation": "Non défini",
      "nouveau": false,
      "mission": 18,
      "encadreur": null,
      "merged": false
    }
  },
  {
    "model": "membres.membre",
    "pk": 189,
    "fields": {
      "nom": "KOUTOUAN EPSE BIKOE",
      "prenom": "Nathalie",
      "sexe": "femme",
      "fonction": "Femme de ménage",
      "marie": true,
      "baptise": true,
      "contact": "0748393887",
      "habitation": "Non défini",
      "nouveau": false,
      "mission": 18,
      "encadreur": null,
      "merged": false
    }
  },
  {
    "model": "membres.membre",
    "pk": 190,
    "fields": {
      "nom": "B.Bi",
      "prenom": "Koe Felix",
      "sexe": "homme",
      "fonction": "Agent de securité SMO",
      "marie": true,
      "baptise": true,
      "contact": "0707232297",
      "habitation": "Non défini",
      "nouveau": false,
      "mission": 18,
      "encadreur": null,
      "merged": false
    }
  },
  {
    "model": "membres.membre",
    "pk": 191,
    "fields": {
      "nom": "Alice",
      "prenom": "K",
      "sexe": "femme",
      "fonction": "Non défini",
      "marie": false,
      "baptise": false,
      "contact": "0544049710",
      "habitation": "Yopougon",
      "nouveau": false,
      "mission": 18,
      "encadreur": null,
      "merged": false
    }
  },
  {
    "model": "membres.membre",
    "pk": 192,
    "fields": {
      "nom": "KONE",
      "prenom": "Lou Alice",
      "sexe": "femme",
      "fonction": "Etudiante",
      "marie": false,
      "baptise": false,
      "contact": "0797786389",
      "habitation": "Dokoui",
      "nouveau": false,
      "mission": 17,
      "encadreur": null,
      "merged": false
    }
  },
  {
    "model": "membres.membre",
    "pk": 193,
    "fields": {
      "nom": "ADETONA",
      "prenom": "Abraham",
      "sexe": "homme",
      "fonction": "Pasteur",
      "marie": true,
      "baptise": true,
      "contact": "0707293766",
      "habitation": "Dokoui",
      "nouveau": false,
      "mission": 17,
      "encadreur": null,
      "merged": false
    }
  },
  {
    "model": "membres.membre",
    "pk": 194,
    "fields": {
      "nom": "ADETONA",
      "prenom": "Sarah",
      "sexe": "femme",
      "fonction": "Coiffeuse",
      "marie": true,
      "baptise": true,
      "contact": "0749465593",
      "habitation": "DOKOUI",
      "nouveau": false,
      "mission": 17,
      "encadreur": null,
      "merged": false
    }
  },
  {
    "model": "membres.membre",
    "pk": 195,
    "fields": {
      "nom": "SAVANE",
      "prenom": "Ange",
      "sexe": "femme",
      "fonction": "Commercial",
      "marie": true,
      "baptise": true,
      "contact": "0709591650",
      "habitation": "Dokoui",
      "nouveau": false,
      "mission": 17,
      "encadreur": null,
      "merged": false
    }
  },
  {
    "model": "membres.membre",
    "pk": 196,
    "fields": {
      "nom": "SAVANE",
      "prenom": "Emmanuella",
      "sexe": "femme",
      "fonction": "Non defini",
      "marie": false,
      "baptise": false,
      "contact": "0709591650",
      "habitation": "DOKOUI",
      "nouveau": false,
      "mission": 17,
      "encadreur": null,
      "merged": false
    }
  },
  {
    "model": "membres.membre",
    "pk": 197,
    "fields": {
      "nom": "SAVANE",
      "prenom": "Christ Emmanuel",
      "sexe": "homme",
      "fonction": "Non defini",
      "marie": false,
      "baptise": false,
      "contact": "0709591650",
      "habitation": "dokoui",
      "nouveau": false,
      "mission": 17,
      "encadreur": null,
      "merged": false
    }
  },
  {
    "model": "membres.membre",
    "pk": 198,
    "fields": {
      "nom": "SAVANE",
      "prenom": "Keany",
      "sexe": "homme",
      "fonction": "Non defini",
      "marie": false,
      "baptise": false,
      "contact": "0709591650",
      "habitation": "dokoui",
      "nouveau": false,
      "mission": 17,
      "encadreur": null,
      "merged": false
    }
  },
  {
    "model": "membres.membre",
    "pk": 199,
    "fields": {
      "nom": "ADETONA",
      "prenom": "Emmanuella",
      "sexe": "femme",
      "fonction": "eleve",
      "marie": false,
      "baptise": false,
      "contact": "0707293766",
      "habitation": "Dokui",
      "nouveau": false,
      "mission": 17,
      "encadreur": null,
      "merged": false
    }
  },
  {
    "model": "membres.membre",
    "pk": 200,
    "fields": {
      "nom": "Salon de coiffure",
      "prenom": "EMMANUELLA",
      "sexe": "homme",
      "fonction": "Entreprise",
      "marie": false,
      "baptise": false,
      "contact": "0749465593",
      "habitation": "Angré",
      "nouveau": false,
      "mission": 17,
      "encadreur": null,
      "merged": false
    }
  },
  {
    "model": "engagements.engagement",
    "pk": 13,
    "fields": {
      "mission": 17,
      "membre": 20,
      "palier": 5,
      "annee": "2024-01-01"
    }
  },
  {
    "model": "engagements.engagement",
    "pk": 15,
    "fields": {
      "mission": 17,
      "membre": 22,
      "palier": 10,
      "annee": "2024-01-01"
    }
  },
  {
    "model": "engagements.engagement",
    "pk": 16,
    "fields": {
      "mission": 17,
      "membre": 23,
      "palier": 10,
      "annee": "2024-01-01"
    }
  },
  {
    "model": "engagements.engagement",
    "pk": 17,
    "fields": {
      "mission": 17,
      "membre": 24,
      "palier": 11,
      "annee": "2024-01-01"
    }
  },
  {
    "model": "engagements.engagement",
    "pk": 18,
    "fields": {
      "mission": 17,
      "membre": 25,
      "palier": 10,
      "annee": "2024-01-01"
    }
  },
  {
    "model": "engagements.engagement",
    "pk": 19,
    "fields": {
      "mission": 17,
      "membre": 26,
      "palier": 8,
      "annee": "2024-01-01"
    }
  },
  {
    "model": "engagements.engagement",
    "pk": 20,
    "fields": {
      "mission": 17,
      "membre": 27,
      "palier": 9,
      "annee": "2024-01-01"
    }
  },
  {
    "model": "engagements.engagement",
    "pk": 21,
    "fields": {
      "mission": 17,
      "membre": 28,
      "palier": 11,
      "annee": "2024-01-01"
    }
  },
  {
    "model": "engagements.engagement",
    "pk": 22,
    "fields": {
      "mission": 17,
      "membre": 29,
      "palier": 5,
      "annee": "2024-01-01"
    }
  },
  {
    "model": "engagements.engagement",
    "pk": 23,
    "fields": {
      "mission": 17,
      "membre": 30,
      "palier": 10,
      "annee": "2024-01-01"
    }
  },
  {
    "model": "engagements.engagement",
    "pk": 24,
    "fields": {
      "mission": 17,
      "membre": 31,
      "palier": 10,
      "annee": "2024-01-01"
    }
  },
  {
    "model": "engagements.engagement",
    "pk": 25,
    "fields": {
      "mission": 17,
      "membre": 32,
      "palier": 6,
      "annee": "2024-01-01"
    }
  },
  {
    "model": "engagements.engagement",
    "pk": 26,
    "fields": {
      "mission": 17,
      "membre": 33,
      "palier": 8,
      "annee": "2024-01-01"
    }
  },
  {
    "model": "engagements.engagement",
    "pk": 27,
    "fields": {
      "mission": 17,
      "membre": 33,
      "palier": 10,
      "annee": "2024-01-01"
    }
  },
  {
    "model": "engagements.engagement",
    "pk": 28,
    "fields": {
      "mission": 17,
      "membre": 34,
      "palier": 10,
      "annee": "2024-01-01"
    }
  },
  {
    "model": "engagements.engagement",
    "pk": 29,
    "fields": {
      "mission": 17,
      "membre": 35,
      "palier": 11,
      "annee": "2024-01-01"
    }
  },
  {
    "model": "engagements.engagement",
    "pk": 30,
    "fields": {
      "mission": 17,
      "membre": 36,
      "palier": 10,
      "annee": "2024-01-01"
    }
  },
  {
    "model": "engagements.engagement",
    "pk": 31,
    "fields": {
      "mission": 17,
      "membre": 37,
      "palier": 9,
      "annee": "2024-01-01"
    }
  },
  {
    "model": "engagements.engagement",
    "pk": 32,
    "fields": {
      "mission": 17,
      "membre": 38,
      "palier": 10,
      "annee": "2024-01-01"
    }
  },
  {
    "model": "engagements.engagement",
    "pk": 33,
    "fields": {
      "mission": 17,
      "membre": 39,
      "palier": 8,
      "annee": "2024-01-01"
    }
  },
  {
    "model": "engagements.engagement",
    "pk": 34,
    "fields": {
      "mission": 17,
      "membre": 40,
      "palier": 10,
      "annee": "2024-01-01"
    }
  },
  {
    "model": "engagements.engagement",
    "pk": 35,
    "fields": {
      "mission": 17,
      "membre": 41,
      "palier": 11,
      "annee": "2024-01-01"
    }
  },
  {
    "model": "engagements.engagement",
    "pk": 36,
    "fields": {
      "mission": 17,
      "membre": 42,
      "palier": 10,
      "annee": "2024-01-01"
    }
  },
  {
    "model": "engagements.engagement",
    "pk": 37,
    "fields": {
      "mission": 17,
      "membre": 42,
      "palier": 9,
      "annee": "2024-01-01"
    }
  },
  {
    "model": "engagements.engagement",
    "pk": 38,
    "fields": {
      "mission": 17,
      "membre": 43,
      "palier": 7,
      "annee": "2024-01-01"
    }
  },
  {
    "model": "engagements.engagement",
    "pk": 39,
    "fields": {
      "mission": 17,
      "membre": 44,
      "palier": 5,
      "annee": "2024-01-01"
    }
  },
  {
    "model": "engagements.engagement",
    "pk": 40,
    "fields": {
      "mission": 17,
      "membre": 45,
      "palier": 8,
      "annee": "2024-01-01"
    }
  },
  {
    "model": "engagements.engagement",
    "pk": 41,
    "fields": {
      "mission": 17,
      "membre": 46,
      "palier": 7,
      "annee": "2024-01-01"
    }
  },
  {
    "model": "engagements.engagement",
    "pk": 42,
    "fields": {
      "mission": 17,
      "membre": 47,
      "palier": 7,
      "annee": "2024-01-01"
    }
  },
  {
    "model": "engagements.engagement",
    "pk": 43,
    "fields": {
      "mission": 17,
      "membre": 48,
      "palier": 11,
      "annee": "2024-01-01"
    }
  },
  {
    "model": "engagements.engagement",
    "pk": 44,
    "fields": {
      "mission": 17,
      "membre": 49,
      "palier": 10,
      "annee": "2024-01-01"
    }
  },
  {
    "model": "engagements.engagement",
    "pk": 45,
    "fields": {
      "mission": 17,
      "membre": 50,
      "palier": 9,
      "annee": "2024-01-01"
    }
  },
  {
    "model": "engagements.engagement",
    "pk": 46,
    "fields": {
      "mission": 17,
      "membre": 51,
      "palier": 11,
      "annee": "2024-01-01"
    }
  },
  {
    "model": "engagements.engagement",
    "pk": 47,
    "fields": {
      "mission": 17,
      "membre": 52,
      "palier": 9,
      "annee": "2024-01-01"
    }
  },
  {
    "model": "engagements.engagement",
    "pk": 48,
    "fields": {
      "mission": 17,
      "membre": 53,
      "palier": 10,
      "annee": "2024-01-01"
    }
  },
  {
    "model": "engagements.engagement",
    "pk": 49,
    "fields": {
      "mission": 17,
      "membre": 54,
      "palier": 9,
      "annee": "2024-01-01"
    }
  },
  {
    "model": "engagements.engagement",
    "pk": 50,
    "fields": {
      "mission": 17,
      "membre": 56,
      "palier": 9,
      "annee": "2024-01-01"
    }
  },
  {
    "model": "engagements.engagement",
    "pk": 51,
    "fields": {
      "mission": 17,
      "membre": 57,
      "palier": 11,
      "annee": "2024-01-01"
    }
  },
  {
    "model": "engagements.engagement",
    "pk": 52,
    "fields": {
      "mission": 17,
      "membre": 58,
      "palier": 9,
      "annee": "2024-01-01"
    }
  },
  {
    "model": "engagements.engagement",
    "pk": 53,
    "fields": {
      "mission": 17,
      "membre": 59,
      "palier": 8,
      "annee": "2024-01-01"
    }
  },
  {
    "model": "engagements.engagement",
    "pk": 54,
    "fields": {
      "mission": 17,
      "membre": 60,
      "palier": 9,
      "annee": "2024-01-01"
    }
  },
  {
    "model": "engagements.engagement",
    "pk": 55,
    "fields": {
      "mission": 17,
      "membre": 61,
      "palier": 10,
      "annee": "2024-01-01"
    }
  },
  {
    "model": "engagements.engagement",
    "pk": 56,
    "fields": {
      "mission": 17,
      "membre": 62,
      "palier": 10,
      "annee": "2024-01-01"
    }
  },
  {
    "model": "engagements.engagement",
    "pk": 57,
    "fields": {
      "mission": 17,
      "membre": 63,
      "palier": 8,
      "annee": "2024-01-01"
    }
  },
  {
    "model": "engagements.engagement",
    "pk": 58,
    "fields": {
      "mission": 17,
      "membre": 64,
      "palier": 7,
      "annee": "2024-01-01"
    }
  },
  {
    "model": "engagements.engagement",
    "pk": 59,
    "fields": {
      "mission": 17,
      "membre": 55,
      "palier": 5,
      "annee": "2024-01-01"
    }
  },
  {
    "model": "engagements.engagement",
    "pk": 60,
    "fields": {
      "mission": 17,
      "membre": 21,
      "palier": 10,
      "annee": "2024-01-01"
    }
  },
  {
    "model": "engagements.engagement",
    "pk": 61,
    "fields": {
      "mission": 17,
      "membre": 67,
      "palier": 7,
      "annee": "2024-01-01"
    }
  },
  {
    "model": "engagements.engagement",
    "pk": 62,
    "fields": {
      "mission": 17,
      "membre": 65,
      "palier": 5,
      "annee": "2024-01-01"
    }
  },
  {
    "model": "engagements.engagement",
    "pk": 63,
    "fields": {
      "mission": 17,
      "membre": 66,
      "palier": 6,
      "annee": "2024-01-01"
    }
  },
  {
    "model": "engagements.engagement",
    "pk": 64,
    "fields": {
      "mission": 17,
      "membre": 68,
      "palier": 10,
      "annee": "2024-01-01"
    }
  },
  {
    "model": "engagements.engagement",
    "pk": 65,
    "fields": {
      "mission": 17,
      "membre": 69,
      "palier": 11,
      "annee": "2024-01-01"
    }
  },
  {
    "model": "engagements.engagement",
    "pk": 66,
    "fields": {
      "mission": 19,
      "membre": 71,
      "palier": 10,
      "annee": "2024-01-01"
    }
  },
  {
    "model": "engagements.engagement",
    "pk": 67,
    "fields": {
      "mission": 19,
      "membre": 70,
      "palier": 10,
      "annee": "2024-01-01"
    }
  },
  {
    "model": "engagements.engagement",
    "pk": 68,
    "fields": {
      "mission": 19,
      "membre": 72,
      "palier": 11,
      "annee": "2024-01-01"
    }
  },
  {
    "model": "engagements.engagement",
    "pk": 69,
    "fields": {
      "mission": 19,
      "membre": 73,
      "palier": 10,
      "annee": "2024-01-01"
    }
  },
  {
    "model": "engagements.engagement",
    "pk": 70,
    "fields": {
      "mission": 19,
      "membre": 74,
      "palier": 10,
      "annee": "2024-01-01"
    }
  },
  {
    "model": "engagements.engagement",
    "pk": 71,
    "fields": {
      "mission": 19,
      "membre": 75,
      "palier": 10,
      "annee": "2024-01-01"
    }
  },
  {
    "model": "engagements.engagement",
    "pk": 72,
    "fields": {
      "mission": 19,
      "membre": 77,
      "palier": 10,
      "annee": "2024-01-01"
    }
  },
  {
    "model": "engagements.engagement",
    "pk": 73,
    "fields": {
      "mission": 19,
      "membre": 78,
      "palier": 10,
      "annee": "2024-01-01"
    }
  },
  {
    "model": "engagements.engagement",
    "pk": 74,
    "fields": {
      "mission": 19,
      "membre": 79,
      "palier": 10,
      "annee": "2024-01-01"
    }
  },
  {
    "model": "engagements.engagement",
    "pk": 75,
    "fields": {
      "mission": 19,
      "membre": 80,
      "palier": 10,
      "annee": "2024-01-01"
    }
  },
  {
    "model": "engagements.engagement",
    "pk": 76,
    "fields": {
      "mission": 19,
      "membre": 81,
      "palier": 8,
      "annee": "2024-01-01"
    }
  },
  {
    "model": "engagements.engagement",
    "pk": 77,
    "fields": {
      "mission": 17,
      "membre": 20,
      "palier": 5,
      "annee": "2023-01-01"
    }
  },
  {
    "model": "engagements.engagement",
    "pk": 78,
    "fields": {
      "mission": 17,
      "membre": 20,
      "palier": 7,
      "annee": "2024-01-01"
    }
  },
  {
    "model": "engagements.engagement",
    "pk": 79,
    "fields": {
      "mission": 17,
      "membre": 20,
      "palier": 6,
      "annee": "2024-01-01"
    }
  },
  {
    "model": "engagements.engagement",
    "pk": 80,
    "fields": {
      "mission": 17,
      "membre": 82,
      "palier": 9,
      "annee": "2024-01-01"
    }
  },
  {
    "model": "engagements.engagement",
    "pk": 81,
    "fields": {
      "mission": 17,
      "membre": 83,
      "palier": 8,
      "annee": "2024-01-01"
    }
  },
  {
    "model": "engagements.engagement",
    "pk": 82,
    "fields": {
      "mission": 17,
      "membre": 84,
      "palier": 11,
      "annee": "2024-01-01"
    }
  },
  {
    "model": "engagements.engagement",
    "pk": 83,
    "fields": {
      "mission": 17,
      "membre": 85,
      "palier": 9,
      "annee": "2024-01-01"
    }
  },
  {
    "model": "engagements.engagement",
    "pk": 84,
    "fields": {
      "mission": 17,
      "membre": 87,
      "palier": 10,
      "annee": "2024-01-01"
    }
  },
  {
    "model": "engagements.engagement",
    "pk": 85,
    "fields": {
      "mission": 17,
      "membre": 88,
      "palier": 10,
      "annee": "2024-01-01"
    }
  },
  {
    "model": "engagements.engagement",
    "pk": 86,
    "fields": {
      "mission": 17,
      "membre": 89,
      "palier": 9,
      "annee": "2024-01-01"
    }
  },
  {
    "model": "engagements.engagement",
    "pk": 87,
    "fields": {
      "mission": 17,
      "membre": 90,
      "palier": 10,
      "annee": "2024-01-01"
    }
  },
  {
    "model": "engagements.engagement",
    "pk": 88,
    "fields": {
      "mission": 17,
      "membre": 86,
      "palier": 10,
      "annee": "2024-01-01"
    }
  },
  {
    "model": "engagements.engagement",
    "pk": 89,
    "fields": {
      "mission": 17,
      "membre": 92,
      "palier": 10,
      "annee": "2024-01-01"
    }
  },
  {
    "model": "engagements.engagement",
    "pk": 90,
    "fields": {
      "mission": 17,
      "membre": 93,
      "palier": 10,
      "annee": "2024-01-01"
    }
  },
  {
    "model": "engagements.engagement",
    "pk": 91,
    "fields": {
      "mission": 17,
      "membre": 93,
      "palier": 8,
      "annee": "2024-01-01"
    }
  },
  {
    "model": "engagements.engagement",
    "pk": 92,
    "fields": {
      "mission": 17,
      "membre": 94,
      "palier": 10,
      "annee": "2024-01-01"
    }
  },
  {
    "model": "engagements.engagement",
    "pk": 93,
    "fields": {
      "mission": 17,
      "membre": 95,
      "palier": 10,
      "annee": "2024-01-01"
    }
  },
  {
    "model": "engagements.engagement",
    "pk": 94,
    "fields": {
      "mission": 17,
      "membre": 97,
      "palier": 10,
      "annee": "2024-01-01"
    }
  },
  {
    "model": "engagements.engagement",
    "pk": 95,
    "fields": {
      "mission": 17,
      "membre": 98,
      "palier": 10,
      "annee": "2024-01-01"
    }
  },
  {
    "model": "engagements.engagement",
    "pk": 96,
    "fields": {
      "mission": 17,
      "membre": 99,
      "palier": 11,
      "annee": "2024-01-01"
    }
  },
  {
    "model": "engagements.engagement",
    "pk": 97,
    "fields": {
      "mission": 17,
      "membre": 100,
      "palier": 9,
      "annee": "2024-01-01"
    }
  },
  {
    "model": "engagements.engagement",
    "pk": 98,
    "fields": {
      "mission": 17,
      "membre": 101,
      "palier": 10,
      "annee": "2024-01-01"
    }
  },
  {
    "model": "engagements.engagement",
    "pk": 99,
    "fields": {
      "mission": 17,
      "membre": 102,
      "palier": 8,
      "annee": "2024-01-01"
    }
  },
  {
    "model": "engagements.engagement",
    "pk": 100,
    "fields": {
      "mission": 17,
      "membre": 103,
      "palier": 10,
      "annee": "2024-01-01"
    }
  },
  {
    "model": "engagements.engagement",
    "pk": 101,
    "fields": {
      "mission": 17,
      "membre": 104,
      "palier": 11,
      "annee": "2024-01-01"
    }
  },
  {
    "model": "engagements.engagement",
    "pk": 102,
    "fields": {
      "mission": 17,
      "membre": 105,
      "palier": 11,
      "annee": "2024-01-01"
    }
  },
  {
    "model": "engagements.engagement",
    "pk": 103,
    "fields": {
      "mission": 17,
      "membre": 106,
      "palier": 11,
      "annee": "2024-01-01"
    }
  },
  {
    "model": "engagements.engagement",
    "pk": 104,
    "fields": {
      "mission": 17,
      "membre": 107,
      "palier": 8,
      "annee": "2024-01-01"
    }
  },
  {
    "model": "engagements.engagement",
    "pk": 105,
    "fields": {
      "mission": 17,
      "membre": 108,
      "palier": 9,
      "annee": "2024-01-01"
    }
  },
  {
    "model": "engagements.engagement",
    "pk": 106,
    "fields": {
      "mission": 17,
      "membre": 109,
      "palier": 9,
      "annee": "2024-01-01"
    }
  },
  {
    "model": "engagements.engagement",
    "pk": 107,
    "fields": {
      "mission": 17,
      "membre": 110,
      "palier": 8,
      "annee": "2024-01-01"
    }
  },
  {
    "model": "engagements.engagement",
    "pk": 108,
    "fields": {
      "mission": 17,
      "membre": 111,
      "palier": 11,
      "annee": "2024-01-01"
    }
  },
  {
    "model": "engagements.engagement",
    "pk": 109,
    "fields": {
      "mission": 17,
      "membre": 112,
      "palier": 9,
      "annee": "2024-01-01"
    }
  },
  {
    "model": "engagements.engagement",
    "pk": 110,
    "fields": {
      "mission": 17,
      "membre": 113,
      "palier": 9,
      "annee": "2024-01-01"
    }
  },
  {
    "model": "engagements.engagement",
    "pk": 111,
    "fields": {
      "mission": 17,
      "membre": 114,
      "palier": 9,
      "annee": "2024-01-01"
    }
  },
  {
    "model": "engagements.engagement",
    "pk": 113,
    "fields": {
      "mission": 17,
      "membre": 116,
      "palier": 11,
      "annee": "2024-01-01"
    }
  },
  {
    "model": "engagements.engagement",
    "pk": 114,
    "fields": {
      "mission": 17,
      "membre": 117,
      "palier": 9,
      "annee": "2024-01-01"
    }
  },
  {
    "model": "engagements.engagement",
    "pk": 115,
    "fields": {
      "mission": 17,
      "membre": 118,
      "palier": 10,
      "annee": "2024-01-01"
    }
  },
  {
    "model": "engagements.engagement",
    "pk": 116,
    "fields": {
      "mission": 17,
      "membre": 119,
      "palier": 10,
      "annee": "2024-01-01"
    }
  },
  {
    "model": "engagements.engagement",
    "pk": 117,
    "fields": {
      "mission": 17,
      "membre": 121,
      "palier": 7,
      "annee": "2024-01-01"
    }
  },
  {
    "model": "engagements.engagement",
    "pk": 118,
    "fields": {
      "mission": 17,
      "membre": 122,
      "palier": 10,
      "annee": "2024-01-01"
    }
  },
  {
    "model": "engagements.engagement",
    "pk": 119,
    "fields": {
      "mission": 17,
      "membre": 123,
      "palier": 11,
      "annee": "2024-01-01"
    }
  },
  {
    "model": "engagements.engagement",
    "pk": 120,
    "fields": {
      "mission": 17,
      "membre": 124,
      "palier": 8,
      "annee": "2024-01-01"
    }
  },
  {
    "model": "engagements.engagement",
    "pk": 121,
    "fields": {
      "mission": 17,
      "membre": 125,
      "palier": 10,
      "annee": "2024-01-01"
    }
  },
  {
    "model": "engagements.engagement",
    "pk": 122,
    "fields": {
      "mission": 17,
      "membre": 126,
      "palier": 7,
      "annee": "2024-01-01"
    }
  },
  {
    "model": "engagements.engagement",
    "pk": 123,
    "fields": {
      "mission": 17,
      "membre": 126,
      "palier": 11,
      "annee": "2024-01-01"
    }
  },
  {
    "model": "engagements.engagement",
    "pk": 124,
    "fields": {
      "mission": 17,
      "membre": 127,
      "palier": 11,
      "annee": "2024-01-01"
    }
  },
  {
    "model": "engagements.engagement",
    "pk": 125,
    "fields": {
      "mission": 17,
      "membre": 128,
      "palier": 11,
      "annee": "2024-01-01"
    }
  },
  {
    "model": "engagements.engagement",
    "pk": 126,
    "fields": {
      "mission": 17,
      "membre": 129,
      "palier": 11,
      "annee": "2024-01-01"
    }
  },
  {
    "model": "engagements.engagement",
    "pk": 127,
    "fields": {
      "mission": 17,
      "membre": 130,
      "palier": 11,
      "annee": "2024-01-01"
    }
  },
  {
    "model": "engagements.engagement",
    "pk": 128,
    "fields": {
      "mission": 17,
      "membre": 131,
      "palier": 9,
      "annee": "2024-01-01"
    }
  },
  {
    "model": "engagements.engagement",
    "pk": 129,
    "fields": {
      "mission": 17,
      "membre": 132,
      "palier": 10,
      "annee": "2024-01-01"
    }
  },
  {
    "model": "engagements.engagement",
    "pk": 130,
    "fields": {
      "mission": 17,
      "membre": 133,
      "palier": 8,
      "annee": "2024-01-01"
    }
  },
  {
    "model": "engagements.engagement",
    "pk": 131,
    "fields": {
      "mission": 17,
      "membre": 134,
      "palier": 10,
      "annee": "2024-01-01"
    }
  },
  {
    "model": "engagements.engagement",
    "pk": 132,
    "fields": {
      "mission": 17,
      "membre": 135,
      "palier": 9,
      "annee": "2024-01-01"
    }
  },
  {
    "model": "engagements.engagement",
    "pk": 133,
    "fields": {
      "mission": 17,
      "membre": 136,
      "palier": 7,
      "annee": "2024-01-01"
    }
  },
  {
    "model": "engagements.engagement",
    "pk": 134,
    "fields": {
      "mission": 17,
      "membre": 137,
      "palier": 10,
      "annee": "2024-01-01"
    }
  },
  {
    "model": "engagements.engagement",
    "pk": 135,
    "fields": {
      "mission": 17,
      "membre": 138,
      "palier": 11,
      "annee": "2024-01-01"
    }
  },
  {
    "model": "engagements.engagement",
    "pk": 136,
    "fields": {
      "mission": 17,
      "membre": 139,
      "palier": 11,
      "annee": "2024-01-01"
    }
  },
  {
    "model": "engagements.engagement",
    "pk": 137,
    "fields": {
      "mission": 17,
      "membre": 115,
      "palier": 10,
      "annee": "2024-01-01"
    }
  },
  {
    "model": "engagements.engagement",
    "pk": 138,
    "fields": {
      "mission": 17,
      "membre": 120,
      "palier": 10,
      "annee": "2024-01-01"
    }
  },
  {
    "model": "engagements.engagement",
    "pk": 139,
    "fields": {
      "mission": 18,
      "membre": 142,
      "palier": 10,
      "annee": "2024-01-01"
    }
  },
  {
    "model": "engagements.engagement",
    "pk": 140,
    "fields": {
      "mission": 18,
      "membre": 143,
      "palier": 8,
      "annee": "2024-01-01"
    }
  },
  {
    "model": "engagements.engagement",
    "pk": 141,
    "fields": {
      "mission": 18,
      "membre": 144,
      "palier": 9,
      "annee": "2024-01-01"
    }
  },
  {
    "model": "engagements.engagement",
    "pk": 142,
    "fields": {
      "mission": 18,
      "membre": 145,
      "palier": 11,
      "annee": "2024-01-01"
    }
  },
  {
    "model": "engagements.engagement",
    "pk": 143,
    "fields": {
      "mission": 18,
      "membre": 147,
      "palier": 11,
      "annee": "2024-01-01"
    }
  },
  {
    "model": "engagements.engagement",
    "pk": 144,
    "fields": {
      "mission": 18,
      "membre": 147,
      "palier": 10,
      "annee": "2024-01-01"
    }
  },
  {
    "model": "engagements.engagement",
    "pk": 145,
    "fields": {
      "mission": 18,
      "membre": 148,
      "palier": 10,
      "annee": "2024-01-01"
    }
  },
  {
    "model": "engagements.engagement",
    "pk": 146,
    "fields": {
      "mission": 18,
      "membre": 149,
      "palier": 11,
      "annee": "2024-01-01"
    }
  },
  {
    "model": "engagements.engagement",
    "pk": 147,
    "fields": {
      "mission": 18,
      "membre": 150,
      "palier": 11,
      "annee": "2024-01-01"
    }
  },
  {
    "model": "engagements.engagement",
    "pk": 148,
    "fields": {
      "mission": 18,
      "membre": 151,
      "palier": 11,
      "annee": "2024-01-01"
    }
  },
  {
    "model": "engagements.engagement",
    "pk": 149,
    "fields": {
      "mission": 18,
      "membre": 152,
      "palier": 9,
      "annee": "2024-01-01"
    }
  },
  {
    "model": "engagements.engagement",
    "pk": 150,
    "fields": {
      "mission": 18,
      "membre": 153,
      "palier": 11,
      "annee": "2024-01-01"
    }
  },
  {
    "model": "engagements.engagement",
    "pk": 151,
    "fields": {
      "mission": 18,
      "membre": 154,
      "palier": 11,
      "annee": "2024-01-01"
    }
  },
  {
    "model": "engagements.engagement",
    "pk": 153,
    "fields": {
      "mission": 18,
      "membre": 157,
      "palier": 9,
      "annee": "2024-01-01"
    }
  },
  {
    "model": "engagements.engagement",
    "pk": 154,
    "fields": {
      "mission": 18,
      "membre": 158,
      "palier": 11,
      "annee": "2024-01-01"
    }
  },
  {
    "model": "engagements.engagement",
    "pk": 155,
    "fields": {
      "mission": 18,
      "membre": 160,
      "palier": 11,
      "annee": "2024-01-01"
    }
  },
  {
    "model": "engagements.engagement",
    "pk": 156,
    "fields": {
      "mission": 18,
      "membre": 161,
      "palier": 11,
      "annee": "2024-01-01"
    }
  },
  {
    "model": "engagements.engagement",
    "pk": 157,
    "fields": {
      "mission": 18,
      "membre": 162,
      "palier": 8,
      "annee": "2024-01-01"
    }
  },
  {
    "model": "engagements.engagement",
    "pk": 158,
    "fields": {
      "mission": 18,
      "membre": 163,
      "palier": 10,
      "annee": "2024-01-01"
    }
  },
  {
    "model": "engagements.engagement",
    "pk": 159,
    "fields": {
      "mission": 18,
      "membre": 164,
      "palier": 9,
      "annee": "2024-01-01"
    }
  },
  {
    "model": "engagements.engagement",
    "pk": 160,
    "fields": {
      "mission": 18,
      "membre": 165,
      "palier": 10,
      "annee": "2024-01-01"
    }
  },
  {
    "model": "engagements.engagement",
    "pk": 161,
    "fields": {
      "mission": 18,
      "membre": 166,
      "palier": 11,
      "annee": "2024-01-01"
    }
  },
  {
    "model": "engagements.engagement",
    "pk": 162,
    "fields": {
      "mission": 18,
      "membre": 167,
      "palier": 10,
      "annee": "2024-01-01"
    }
  },
  {
    "model": "engagements.engagement",
    "pk": 163,
    "fields": {
      "mission": 18,
      "membre": 168,
      "palier": 11,
      "annee": "2024-01-01"
    }
  },
  {
    "model": "engagements.engagement",
    "pk": 164,
    "fields": {
      "mission": 18,
      "membre": 169,
      "palier": 10,
      "annee": "2024-01-01"
    }
  },
  {
    "model": "engagements.engagement",
    "pk": 165,
    "fields": {
      "mission": 18,
      "membre": 170,
      "palier": 11,
      "annee": "2024-01-01"
    }
  },
  {
    "model": "engagements.engagement",
    "pk": 166,
    "fields": {
      "mission": 18,
      "membre": 171,
      "palier": 11,
      "annee": "2024-01-01"
    }
  },
  {
    "model": "engagements.engagement",
    "pk": 167,
    "fields": {
      "mission": 18,
      "membre": 172,
      "palier": 11,
      "annee": "2024-01-01"
    }
  },
  {
    "model": "engagements.engagement",
    "pk": 168,
    "fields": {
      "mission": 18,
      "membre": 173,
      "palier": 11,
      "annee": "2024-01-01"
    }
  },
  {
    "model": "engagements.engagement",
    "pk": 169,
    "fields": {
      "mission": 18,
      "membre": 174,
      "palier": 8,
      "annee": "2024-01-01"
    }
  },
  {
    "model": "engagements.engagement",
    "pk": 170,
    "fields": {
      "mission": 18,
      "membre": 175,
      "palier": 10,
      "annee": "2024-01-01"
    }
  },
  {
    "model": "engagements.engagement",
    "pk": 171,
    "fields": {
      "mission": 18,
      "membre": 176,
      "palier": 10,
      "annee": "2024-01-01"
    }
  },
  {
    "model": "engagements.engagement",
    "pk": 172,
    "fields": {
      "mission": 18,
      "membre": 177,
      "palier": 11,
      "annee": "2024-01-01"
    }
  },
  {
    "model": "engagements.engagement",
    "pk": 173,
    "fields": {
      "mission": 18,
      "membre": 178,
      "palier": 11,
      "annee": "2024-01-01"
    }
  },
  {
    "model": "engagements.engagement",
    "pk": 175,
    "fields": {
      "mission": 18,
      "membre": 180,
      "palier": 11,
      "annee": "2024-01-01"
    }
  },
  {
    "model": "engagements.engagement",
    "pk": 176,
    "fields": {
      "mission": 18,
      "membre": 181,
      "palier": 7,
      "annee": "2024-01-01"
    }
  },
  {
    "model": "engagements.engagement",
    "pk": 177,
    "fields": {
      "mission": 18,
      "membre": 182,
      "palier": 9,
      "annee": "2024-01-01"
    }
  },
  {
    "model": "engagements.engagement",
    "pk": 178,
    "fields": {
      "mission": 18,
      "membre": 183,
      "palier": 9,
      "annee": "2024-01-01"
    }
  },
  {
    "model": "engagements.engagement",
    "pk": 179,
    "fields": {
      "mission": 18,
      "membre": 184,
      "palier": 11,
      "annee": "2024-01-01"
    }
  },
  {
    "model": "engagements.engagement",
    "pk": 180,
    "fields": {
      "mission": 18,
      "membre": 185,
      "palier": 6,
      "annee": "2024-01-01"
    }
  },
  {
    "model": "engagements.engagement",
    "pk": 181,
    "fields": {
      "mission": 18,
      "membre": 186,
      "palier": 11,
      "annee": "2024-01-01"
    }
  },
  {
    "model": "engagements.engagement",
    "pk": 182,
    "fields": {
      "mission": 18,
      "membre": 187,
      "palier": 11,
      "annee": "2024-01-01"
    }
  },
  {
    "model": "engagements.engagement",
    "pk": 183,
    "fields": {
      "mission": 18,
      "membre": 188,
      "palier": 10,
      "annee": "2024-01-01"
    }
  },
  {
    "model": "engagements.engagement",
    "pk": 184,
    "fields": {
      "mission": 18,
      "membre": 189,
      "palier": 10,
      "annee": "2024-01-01"
    }
  },
  {
    "model": "engagements.engagement",
    "pk": 185,
    "fields": {
      "mission": 18,
      "membre": 190,
      "palier": 10,
      "annee": "2024-01-01"
    }
  },
  {
    "model": "engagements.engagement",
    "pk": 186,
    "fields": {
      "mission": 18,
      "membre": 146,
      "palier": 10,
      "annee": "2024-01-01"
    }
  },
  {
    "model": "engagements.engagement",
    "pk": 187,
    "fields": {
      "mission": 18,
      "membre": 191,
      "palier": 10,
      "annee": "2024-01-01"
    }
  },
  {
    "model": "engagements.engagement",
    "pk": 188,
    "fields": {
      "mission": 18,
      "membre": 156,
      "palier": 9,
      "annee": "2024-01-01"
    }
  },
  {
    "model": "engagements.engagement",
    "pk": 189,
    "fields": {
      "mission": 17,
      "membre": 192,
      "palier": 10,
      "annee": "2024-01-01"
    }
  },
  {
    "model": "engagements.engagement",
    "pk": 190,
    "fields": {
      "mission": 17,
      "membre": 198,
      "palier": 11,
      "annee": "2024-01-01"
    }
  },
  {
    "model": "engagements.engagement",
    "pk": 191,
    "fields": {
      "mission": 17,
      "membre": 197,
      "palier": 11,
      "annee": "2024-01-01"
    }
  },
  {
    "model": "engagements.engagement",
    "pk": 192,
    "fields": {
      "mission": 17,
      "membre": 196,
      "palier": 10,
      "annee": "2024-01-01"
    }
  },
  {
    "model": "engagements.engagement",
    "pk": 193,
    "fields": {
      "mission": 17,
      "membre": 195,
      "palier": 9,
      "annee": "2024-01-01"
    }
  },
  {
    "model": "engagements.engagement",
    "pk": 194,
    "fields": {
      "mission": 17,
      "membre": 194,
      "palier": 10,
      "annee": "2024-01-01"
    }
  },
  {
    "model": "engagements.engagement",
    "pk": 195,
    "fields": {
      "mission": 17,
      "membre": 193,
      "palier": 10,
      "annee": "2024-01-01"
    }
  },
  {
    "model": "engagements.engagement",
    "pk": 196,
    "fields": {
      "mission": 17,
      "membre": 200,
      "palier": 10,
      "annee": "2024-01-01"
    }
  },
  {
    "model": "engagements.engagement",
    "pk": 197,
    "fields": {
      "mission": 17,
      "membre": 199,
      "palier": 10,
      "annee": "2024-01-01"
    }
  },
  {
    "model": "engagements.mouvement",
    "pk": 20,
    "fields": {
      "engagement": 55,
      "montant": 5000,
      "date": "2024-01-07",
      "created_at": "2024-01-07T22:55:28.114Z"
    }
  },
  {
    "model": "engagements.mouvement",
    "pk": 21,
    "fields": {
      "engagement": 195,
      "montant": 60000,
      "date": "2024-01-07",
      "created_at": "2024-01-07T22:57:52.552Z"
    }
  },
  {
    "model": "engagements.mouvement",
    "pk": 23,
    "fields": {
      "engagement": 197,
      "montant": 40000,
      "date": "2024-01-07",
      "created_at": "2024-01-07T23:00:29.400Z"
    }
  },
  {
    "model": "finances.entreecaisse",
    "pk": 58,
    "fields": {
      "mission": 17,
      "montant": 1551000,
      "type_entree": 6,
      "commentaire": "",
      "date": "2024-01-01",
      "created_at": "2024-01-01",
      "auteur": 1
    }
  },
  {
    "model": "finances.entreecaisse",
    "pk": 59,
    "fields": {
      "mission": 17,
      "montant": 1890050,
      "type_entree": 7,
      "commentaire": "",
      "date": "2024-01-01",
      "created_at": "2024-01-01",
      "auteur": 1
    }
  },
  {
    "model": "finances.entreecaisse",
    "pk": 60,
    "fields": {
      "mission": 17,
      "montant": 135000,
      "type_entree": 2,
      "commentaire": "",
      "date": "2024-01-01",
      "created_at": "2024-01-01",
      "auteur": 1
    }
  },
  {
    "model": "finances.entreecaisse",
    "pk": 61,
    "fields": {
      "mission": 17,
      "montant": 439750,
      "type_entree": 2,
      "commentaire": "",
      "date": "2024-01-07",
      "created_at": "2024-01-07",
      "auteur": 1
    }
  },
  {
    "model": "finances.entreecaisse",
    "pk": 62,
    "fields": {
      "mission": 17,
      "montant": 142550,
      "type_entree": 1,
      "commentaire": "",
      "date": "2024-01-07",
      "created_at": "2024-01-07",
      "auteur": 1
    }
  },
  {
    "model": "finances.sortiecaisse",
    "pk": 25,
    "fields": {
      "mission": 17,
      "montant": 170000,
      "type_sortie": 5,
      "commentaire": "",
      "date": "2024-01-01",
      "created_at": "2024-01-01",
      "auteur": 1,
      "facture": ""
    }
  },
  {
    "model": "finances.sortiecaisse",
    "pk": 26,
    "fields": {
      "mission": 17,
      "montant": 20500,
      "type_sortie": 11,
      "commentaire": "",
      "date": "2024-01-07",
      "created_at": "2024-01-07",
      "auteur": 1,
      "facture": ""
    }
  },
  {
    "model": "finances.sortiecaisse",
    "pk": 27,
    "fields": {
      "mission": 17,
      "montant": 101100,
      "type_sortie": 10,
      "commentaire": "",
      "date": "2024-01-07",
      "created_at": "2024-01-07",
      "auteur": 1,
      "facture": ""
    }
  },
  {
    "model": "finances.sortiecaisse",
    "pk": 28,
    "fields": {
      "mission": 17,
      "montant": 30000,
      "type_sortie": 6,
      "commentaire": "",
      "date": "2024-01-07",
      "created_at": "2024-01-07",
      "auteur": 1,
      "facture": ""
    }
  },
  {
    "model": "finances.sortiecaisse",
    "pk": 29,
    "fields": {
      "mission": 17,
      "montant": 202200,
      "type_sortie": 9,
      "commentaire": "",
      "date": "2024-01-07",
      "created_at": "2024-01-07",
      "auteur": 1,
      "facture": ""
    }
  },
  {
    "model": "finances.sortiecaisse",
    "pk": 30,
    "fields": {
      "mission": 17,
      "montant": 25000,
      "type_sortie": 7,
      "commentaire": "",
      "date": "2024-01-07",
      "created_at": "2024-01-07",
      "auteur": 1,
      "facture": ""
    }
  },
  {
    "model": "finances.suivibanque",
    "pk": 8,
    "fields": {
      "date": "2024-01-01",
      "montant": 3271050,
      "commentaire": "",
      "created_at": "2024-01-01",
      "action": "versement"
    }
  },
  {
    "model": "finances.suivibanque",
    "pk": 9,
    "fields": {
      "date": "2024-01-08",
      "montant": 203500,
      "commentaire": "Reste en caisse du Dimanche 07/01/2024",
      "created_at": "2024-01-07",
      "action": "versement"
    }
  },
  {
    "model": "knox.authtoken",
    "pk": "000fe05eeb109646171e57573ec60cecd1f408489c1e6f6b4c1f2517a5f13fd625b58bc13317a3646af56129349550b4ec27d8dc7fa4c1624b9575a5ac78619d",
    "fields": {
      "token_key": "e921b34b",
      "user": 1,
      "created": "2023-07-27T11:51:34.772Z",
      "expiry": "2024-07-26T11:51:34.772Z"
    }
  },
  {
    "model": "knox.authtoken",
    "pk": "05e3e485efeafefad0ff976015aa9d1b2a86b0727a4c83b9ffc2f1c9cb64081dcc178477197dc7ac0bcb6422adc106b2851079b2fd81f91127bee10459470788",
    "fields": {
      "token_key": "4c48ad7a",
      "user": 1,
      "created": "2023-07-27T11:15:06.283Z",
      "expiry": "2024-07-26T11:15:06.283Z"
    }
  },
  {
    "model": "knox.authtoken",
    "pk": "069187145af4ecda7f5b34776826e668af30f3c264b3ce8559fba30de05eabe4bcd7548f7935d0a5281c8dd6eade56f1e676b55546f6e89c729c3be3d662892b",
    "fields": {
      "token_key": "331b9eb1",
      "user": 1,
      "created": "2023-12-28T15:38:00.207Z",
      "expiry": "2024-12-27T15:38:00.207Z"
    }
  },
  {
    "model": "knox.authtoken",
    "pk": "072abfcf71dec8723007889986d34b86ab56eca36b3e2448ce1e92e871f78db5af61d6a9a645fb48f6373102f3c87e5ae3ada328e8b9789a18bf0119916aa3e5",
    "fields": {
      "token_key": "bda93657",
      "user": 1,
      "created": "2023-12-28T15:21:03.789Z",
      "expiry": "2024-12-27T15:21:03.789Z"
    }
  },
  {
    "model": "knox.authtoken",
    "pk": "0a4e017210094ea3ee0f235272a7248da5ac045d2fae0c1a4e4b5d066ad97626d08e9b784d956a1a33ebfc6dec55d6491fe78975c676ba32b181b33f0bc2655d",
    "fields": {
      "token_key": "9044d45f",
      "user": 1,
      "created": "2023-09-18T18:27:13.556Z",
      "expiry": "2024-09-17T18:27:13.556Z"
    }
  },
  {
    "model": "knox.authtoken",
    "pk": "1ac3e631282db7ce9ee77b1ea137839d636a16c0c736866c445c61665bf8c82a3d9ac1af4dc1fa208bbebce2e933f1238725bf52e68fbfb1f786bf529e2dcb3a",
    "fields": {
      "token_key": "d8cfef5f",
      "user": 1,
      "created": "2023-12-28T15:26:25.048Z",
      "expiry": "2024-12-27T15:26:25.048Z"
    }
  },
  {
    "model": "knox.authtoken",
    "pk": "1d9af6c82470f90c16441c221ea8e6a9c7e200e1dda7a794dcf73b9fa0c1b45902761cd1445836ac9f62235591deb0ad465577665288666e602ba095e68b20fc",
    "fields": {
      "token_key": "31a6d865",
      "user": 1,
      "created": "2023-12-28T15:44:43.045Z",
      "expiry": "2024-12-27T15:44:43.045Z"
    }
  },
  {
    "model": "knox.authtoken",
    "pk": "2032014692ef92a9c27c0988db667493b80d6839e874cfa70705c11aa441008b8ef4756c3808dc6fab4b29c0647eba3cd494477dac1279bdef7781525a049491",
    "fields": {
      "token_key": "53526010",
      "user": 1,
      "created": "2023-12-28T15:24:24.991Z",
      "expiry": "2024-12-27T15:24:24.991Z"
    }
  },
  {
    "model": "knox.authtoken",
    "pk": "203315455eb8ce4b8b5d2e98d9b79424136c66dec4d28434e122175d929622bffe8bd96fd04ebf490954eb4bac9599741e591049e80a4bba981ced07a314aef7",
    "fields": {
      "token_key": "c4660961",
      "user": 1,
      "created": "2023-12-26T17:13:56.018Z",
      "expiry": "2024-12-25T17:13:56.018Z"
    }
  },
  {
    "model": "knox.authtoken",
    "pk": "31dd04006f6fcddbe379d7016803841ab86fed5f317a50485c5c8483c43cdad5a5e2033f0cef1b244389f9a5dd751ca48b577826858a5f6675c1162c9c940c18",
    "fields": {
      "token_key": "a58da68b",
      "user": 1,
      "created": "2023-12-26T17:13:21.503Z",
      "expiry": "2024-12-25T17:13:21.502Z"
    }
  },
  {
    "model": "knox.authtoken",
    "pk": "32744a3d2f5a299939665b1192812f26e102f4800b386178f3a29109fb4dafc7c070ae9e0032605074805a83724740eed4df06ae7d33fc19b12b2380aed24886",
    "fields": {
      "token_key": "68d55583",
      "user": 1,
      "created": "2023-09-18T18:38:52.277Z",
      "expiry": "2024-09-17T18:38:52.277Z"
    }
  },
  {
    "model": "knox.authtoken",
    "pk": "35884a5f2a700c0fe605f4d70cd71dec1b5f7abbe884fd9ab319bfe122a286194ce4cc8f20072c0c1446f8e19e04564e744f9fbb52258b9ca84817df30c71625",
    "fields": {
      "token_key": "87f70f18",
      "user": 1,
      "created": "2023-09-18T17:41:02.058Z",
      "expiry": "2024-09-17T17:41:02.056Z"
    }
  },
  {
    "model": "knox.authtoken",
    "pk": "3b2d8ec08bc5bc3461c8019d1bd76501360865f0855c304c50845e88964c4092adfc38d692e296014838b8ab9241fd94db8f8d9416b6584cd858b9f537697fb6",
    "fields": {
      "token_key": "6d103907",
      "user": 1,
      "created": "2023-12-28T13:29:36.158Z",
      "expiry": "2024-12-27T13:29:36.158Z"
    }
  },
  {
    "model": "knox.authtoken",
    "pk": "4f3bc47b8bf9cf0ae18cadfc5eb4bb1aea37f509c30ac07a165316df5d663cf4baa5a28109a8c6e1c50b0aa30664971846f50ab84b63da0e7fc265b0e1ca4aa6",
    "fields": {
      "token_key": "86be56d2",
      "user": 1,
      "created": "2023-09-18T18:04:16.697Z",
      "expiry": "2024-09-17T18:04:16.697Z"
    }
  },
  {
    "model": "knox.authtoken",
    "pk": "52a635e1b9cee0460275843279306abedc38c0aefa5c129f6978ff646bdf1de9f874a9d52bdbb1074335573c25f7dd3870415565a3147370e1421af5797c479f",
    "fields": {
      "token_key": "068951c9",
      "user": 1,
      "created": "2023-09-22T18:24:20.027Z",
      "expiry": "2024-09-21T18:24:20.026Z"
    }
  },
  {
    "model": "knox.authtoken",
    "pk": "5de6576a0e86f807c34aee0b54a182c972da3c222ac75bded1cb2e598d9c9fb9a77a087b2f8e1786adb9755eddd100ab4ca739479a47c4ffcb2baf720c3359f6",
    "fields": {
      "token_key": "28e426c3",
      "user": 1,
      "created": "2023-09-18T17:06:56.243Z",
      "expiry": "2024-09-17T17:06:56.243Z"
    }
  },
  {
    "model": "knox.authtoken",
    "pk": "66ecbbabb055e9533af30c7e35ba8f3974f410d190c0ce503b40b47a6e45da6afe680db894475455a86aca7792f311c1c8ad97d6d316600cca79430230829a71",
    "fields": {
      "token_key": "c53fefa5",
      "user": 1,
      "created": "2023-09-18T17:06:32.083Z",
      "expiry": "2024-09-17T17:06:32.083Z"
    }
  },
  {
    "model": "knox.authtoken",
    "pk": "7160b9723c4b29f7c0b72fcb510a7019ae7f5a38412da612d19893784913fae9eff33a324176b416d2fad394bea7d92e013ce0ca16d749e4c9fb7f3907e077ba",
    "fields": {
      "token_key": "718acbb0",
      "user": 1,
      "created": "2023-08-10T11:15:58.049Z",
      "expiry": "2024-08-09T11:15:58.042Z"
    }
  },
  {
    "model": "knox.authtoken",
    "pk": "7f045fc562396124c5f65d3a781df5bd98b578262516d746fc796773c19a9439bdc93c2ff12082e7cba0cb4558fdce3560ba647ba8b6219ebd9ba7aa445d4e0c",
    "fields": {
      "token_key": "ed59b85c",
      "user": 1,
      "created": "2023-12-31T21:24:58.886Z",
      "expiry": "2024-12-30T21:24:58.885Z"
    }
  },
  {
    "model": "knox.authtoken",
    "pk": "998684424d627158c0e5d15e13ead553c53d3f0af23b746b0d1643ad64e73e270a49f2a8bb0ea14d6a80e80965e8adff11884d566c7bfa4a005b013696b1018f",
    "fields": {
      "token_key": "87856995",
      "user": 1,
      "created": "2023-07-27T11:24:21.965Z",
      "expiry": "2024-07-26T11:24:21.965Z"
    }
  },
  {
    "model": "knox.authtoken",
    "pk": "a233ef9759b25d7988ed93cbf0729dafaf93b2be070d7537ce1e117d4383722c615879d2d6faa3cf4659add0e54a835b4ce31fbf4088f32af2421992c3e81d88",
    "fields": {
      "token_key": "8857f0d0",
      "user": 1,
      "created": "2023-09-18T18:40:32.798Z",
      "expiry": "2024-09-17T18:40:32.798Z"
    }
  },
  {
    "model": "knox.authtoken",
    "pk": "a8f0b1c3a7e15ffbceb0617a484d5cf0b26708757188d27bdc8a6bf27785952d494bbc69a15e9df0de65de6de927709bf046f058dd480dc477e1f7404f1a3e00",
    "fields": {
      "token_key": "ddd407a0",
      "user": 1,
      "created": "2023-09-20T12:27:00.177Z",
      "expiry": "2024-09-19T12:27:00.169Z"
    }
  },
  {
    "model": "knox.authtoken",
    "pk": "add9a644efa8699a4b2b2177698cdf20edcf329f34cf44442d816c0801657ff69035e7e08f2c6b88a8443b95caa58c677c9a3b8759488c58130eaf54b190ccf8",
    "fields": {
      "token_key": "e3da745e",
      "user": 1,
      "created": "2023-09-22T17:27:59.956Z",
      "expiry": "2024-09-21T17:27:59.953Z"
    }
  },
  {
    "model": "knox.authtoken",
    "pk": "b275c29c8e0dc621f1c983e5586bb4a30e92b44f38eff9461dac271d88060d9176da378aa590d8cd3fa226e81a445c626ba7cc91ae907e6d18e0cf90e3362f94",
    "fields": {
      "token_key": "6b913065",
      "user": 1,
      "created": "2023-09-19T10:40:39.560Z",
      "expiry": "2024-09-18T10:40:39.560Z"
    }
  },
  {
    "model": "knox.authtoken",
    "pk": "b43aa68d2f754339222dca6a6285f908b6fb710388974ff54c3fe14afeb7a727d6368dcfb1e8918bee9be9bacf0a307cbc1b0d460e6226324bf1128dff965547",
    "fields": {
      "token_key": "f5e5dfdb",
      "user": 1,
      "created": "2023-07-27T16:35:21.183Z",
      "expiry": "2024-07-26T16:35:21.183Z"
    }
  },
  {
    "model": "knox.authtoken",
    "pk": "bb3b45fed30db8ff71a7d7d217ca6ea4362c72e74a4b65cf03b6cf74dd2bc24fe9d21efae6dfe6315b3c24672d06f44b18ea727b6b277b7cabe89facdbe02b30",
    "fields": {
      "token_key": "b2f79808",
      "user": 1,
      "created": "2023-08-09T10:33:19.390Z",
      "expiry": "2024-08-08T10:33:19.390Z"
    }
  },
  {
    "model": "knox.authtoken",
    "pk": "bf075d860256ee865983dfc399e19aae7ca89d2c41777088ea95ed5a6e4defdbcba586df0ca3d805204573ced340b5ac1b7ebf412d3983b0dcdd24f329fe6620",
    "fields": {
      "token_key": "b03664da",
      "user": 1,
      "created": "2023-12-26T17:10:50.499Z",
      "expiry": "2024-12-25T17:10:50.498Z"
    }
  },
  {
    "model": "knox.authtoken",
    "pk": "cfbb065dc0629d7ca0825fdd1820e7ad44bcdb0f9954552ae891232fdccd25320cb85cf515b8f39deafd855d430b6f443d571aa5fea225a4b69149f42824a465",
    "fields": {
      "token_key": "3bd11452",
      "user": 1,
      "created": "2023-09-19T15:49:47.614Z",
      "expiry": "2024-09-18T15:49:47.613Z"
    }
  },
  {
    "model": "knox.authtoken",
    "pk": "d27b4f68f96bc65072f8e7c3fc2c822222bd8a83277ca6c065683626da68dcfa6ce6fb96161737cde29a4fd44fc6271aad169441749c73817045923bedeb3722",
    "fields": {
      "token_key": "ae71093e",
      "user": 1,
      "created": "2023-08-10T11:25:49.374Z",
      "expiry": "2024-08-09T11:25:49.374Z"
    }
  },
  {
    "model": "knox.authtoken",
    "pk": "d618be9bdc6ad669d4e158f088a18d07751ff65c6833a828671fd0ed7ac3f2f9bdcf850c6cfc459b4fdd0f0c1b3ca4b0a356680fc1720d718e58a582b1ef85bb",
    "fields": {
      "token_key": "85db65c0",
      "user": 1,
      "created": "2023-07-27T10:51:12.239Z",
      "expiry": "2024-07-26T10:51:12.238Z"
    }
  },
  {
    "model": "knox.authtoken",
    "pk": "de70fb75b902e95b5f93e3cc29a048d459f5f111009c2b1c380ca09261da528474d7629ed13b6a4800d4c8e143fbbe55fc4ad0fff0a7c2a329e8598d0e9b8113",
    "fields": {
      "token_key": "7951c9b8",
      "user": 1,
      "created": "2023-09-18T17:06:48.658Z",
      "expiry": "2024-09-17T17:06:48.656Z"
    }
  },
  {
    "model": "knox.authtoken",
    "pk": "eaef5ec93671bd3c19d6eb4601220a3844180d28c0965242e6c13c7a12fcbcf3ddd8cfbbe87aeffe80a55803e0c5a20bee4c71cb97ddf6ce01244cbb6a56c913",
    "fields": {
      "token_key": "4a57acc6",
      "user": 1,
      "created": "2023-09-18T14:29:54.216Z",
      "expiry": "2024-09-17T14:29:54.211Z"
    }
  },
  {
    "model": "knox.authtoken",
    "pk": "ee003563a6285aca3dac9e66e6d580b11cd6eff214e66d880e91d20904e0201fd057a512b6a8b29c3d170d6bf3adb1b7b1b9e4a5aeb8cb723103cd072001c0ba",
    "fields": {
      "token_key": "769be0c2",
      "user": 1,
      "created": "2023-12-28T15:33:56.409Z",
      "expiry": "2024-12-27T15:33:56.409Z"
    }
  },
  {
    "model": "knox.authtoken",
    "pk": "ef42aecca980c5d1be9522943135da9d043cbc4a1d1587158d5c3008738b9479230b0a9b4a9f28faf06ee16fe911117b2f7ed70320bcc671366982aa1ea8a889",
    "fields": {
      "token_key": "388ccd5c",
      "user": 1,
      "created": "2023-09-18T09:47:53.202Z",
      "expiry": "2024-09-17T09:47:53.202Z"
    }
  }
]
